gene,ratio,log2_fc
plaP ,0.19073466834999148,-2.390361
ptsG ,0.2517366191270983,-1.990013
uidC ,0.2857520988122496,-1.807164
yccF ,0.3001099382058851,-1.736437
yihQ ,0.3251204028612238,-1.620954
manX ,0.3356314933923269,-1.57505
manZ ,0.34217280313437043,-1.547203
frc ,0.342827560506515,-1.544445
yneF ,0.3436950550404003,-1.540799
brnQ ,0.3531529370361267,-1.501635
gpmI ,0.3685782897561638,-1.439957
ygdQ ,0.37258099738222855,-1.424374
guaC ,0.38239034442077885,-1.386882
ppc ,0.3856302151255433,-1.37471
yfdI ,0.404781988143189,-1.304783
ybdR ,0.4142607382989028,-1.271389
ompX ,0.41880193119337883,-1.25566
gsk ,0.4203730247672676,-1.250258
waaA ,0.4255849385851098,-1.232481
yigP ,0.4281238165264209,-1.2239
proV ,0.429820143114118,-1.218195
yohF ,0.43011042356715745,-1.217221
fruA ,0.432350421229496,-1.209727
marA ,0.432668801187383,-1.208665
yejG ,0.434322921950806,-1.20316
tatE ,0.435132897899093,-1.200472
yeiR ,0.435150693320308,-1.200413
carA ,0.4354478938896542,-1.199428
yggW ,0.436488938904893,-1.195983
ddpD ,0.4381977555584775,-1.190346
dcuS ,0.4426658547980349,-1.17571
pykF ,0.44466846488378264,-1.169198
glnA ,0.44628152847237884,-1.163974
exbD ,0.44918759774642564,-1.15461
gltD ,0.4688385160138377,-1.092837
carB ,0.46903061504828264,-1.092246
ptsI ,0.4732964479747012,-1.079184
gltB ,0.47544949404044606,-1.072636
thrB ,0.4768435804409329,-1.068412
phoR ,0.47844500222965836,-1.063575
yagE ,0.48204976578448916,-1.052746
rhlE ,0.4850629859238522,-1.043756
hisH ,0.48712806198013814,-1.037627
livH ,0.48939592708705904,-1.030926
pntA ,0.4905258256914956,-1.027599
manB ,0.49390415135621846,-1.017697
serA ,0.49495079038204737,-1.014643
fimB ,0.49941532589014576,-1.001688
lysA ,0.5006076004670456,-0.9982479
argG ,0.5040501899769508,-0.9883607
pyrD ,0.5097113910072121,-0.9722475
metE ,0.5117171178537944,-0.9665816
codA ,0.5133785416190745,-0.9619051
ndh ,0.5146736759780667,-0.9582701
rpsC ,0.5148479752261941,-0.9577816
entA ,0.5151272981630679,-0.9569991
fepA ,0.5212080964402418,-0.9400686
yeaD ,0.5215372847680824,-0.9391577
upp ,0.5218664639688294,-0.9382474
purT ,0.5221473145479087,-0.9374712
rplN ,0.5243009263629486,-0.931533
araD ,0.5249187003787191,-0.9298341
yebO ,0.5252866775199417,-0.9288231
hypF ,0.526387924974371,-0.9258017
thrC ,0.5282910961724915,-0.920595
epmB ,0.5302330489473442,-0.9153015
rplB ,0.5317503931660337,-0.9111789
cysC ,0.5334450602525673,-0.9065884
rpmI ,0.5336003433682358,-0.9061685
fiu ,0.5338789973451247,-0.9054153
arnT ,0.5342267048030949,-0.904476
trpC ,0.5345127993518022,-0.9037036
rpsL ,0.5351967276285855,-0.9018588
pyrH ,0.5389925361106311,-0.8916628
rplC ,0.542982309296303,-0.8810229
ydjN ,0.5445286264259388,-0.8769202
hisG ,0.5471583800520662,-0.8699696
rnb ,0.5478627040055171,-0.8681137
ascF ,0.5495302863654865,-0.8637291
purF ,0.5506210615659489,-0.8608683
speD ,0.5516958372672883,-0.858055
purU ,0.5549301140240844,-0.849622
typA ,0.5565869546022841,-0.845321
arnA ,0.5577708716930098,-0.8422555
deaD ,0.5585650846068638,-0.8402027
purD ,0.5586240533773713,-0.8400504
purM ,0.5605763557093831,-0.8350172
aceE ,0.562155749302273,-0.8309582
argD ,0.5624013255957885,-0.8303281
argC ,0.5633335497388107,-0.8279387
rplW ,0.5642141683706482,-0.8256852
rluC ,0.5695327069206388,-0.8121494
dapD ,0.5699247299472975,-0.8111567
yidA ,0.5706428147362478,-0.8093401
rplO ,0.5707286532541145,-0.8091231
ybjX ,0.5727527557258529,-0.8040156
hha ,0.5731135058664365,-0.8031072
purB ,0.5737790507760864,-0.8014328
yiaJ ,0.5739100327240533,-0.8011035
argF ,0.5742897827796533,-0.8001492
ftsW ,0.5748979932604537,-0.7986221
adhE ,0.5783244492849596,-0.790049
amiD ,0.5799422698789106,-0.7860188
intA ,0.5799646206950153,-0.7859632
kdpB ,0.580201447531362,-0.7853742
asnB ,0.5803553362640093,-0.7849916
argH ,0.5818970752905869,-0.7811641
hisI ,0.5820995470127056,-0.7806622
mqo ,0.5829090881393182,-0.7786572
patA ,0.5835370646788411,-0.7771038
thrA ,0.584755122554479,-0.7740955
yifK ,0.5848588940304229,-0.7738395
rpsQ ,0.5862487310521809,-0.7704152
cysD ,0.5867083786209428,-0.7692845
malQ ,0.5869462912038248,-0.7686996
tdk ,0.5883335442584271,-0.7652938
rpsN ,0.589010884750055,-0.7636338
speC ,0.5891537561796215,-0.7632839
serC ,0.5892009248333311,-0.7631684
ilvG ,0.5900340018199689,-0.76113
rpmB ,0.590051670037983,-0.7610868
metK ,0.5906190518652465,-0.7597002
rluD ,0.5911849303810833,-0.7583186
yjcD ,0.5926594269068995,-0.7547248
ychJ ,0.5933823006482986,-0.7529662
dmsA ,0.5939158335896343,-0.7516696
gapA ,0.5961505022663433,-0.7462515
rnhB ,0.6006634980692773,-0.7353711
rpsG ,0.6008146514848038,-0.7350081
malY ,0.6009299783825742,-0.7347312
cysJ ,0.6010740327299146,-0.7343854
entF ,0.6016058913138653,-0.7331094
frvX ,0.6044554843634714,-0.726292
rpsR ,0.6061239691040996,-0.7223152
serB ,0.6069747049474191,-0.7202917
htrB ,0.6072921391360967,-0.7195374
hisC ,0.6078061172435378,-0.7183169
rpmA ,0.6078353561040881,-0.7182475
yegI ,0.608445690627267,-0.7167996
pgi ,0.6092281036944769,-0.7149456
bioB ,0.6094084459664604,-0.7145186
pyrC ,0.6094732470665667,-0.7143652
trpD ,0.6102452645606243,-0.7125389
speA ,0.6104015369928609,-0.7121695
rpsI ,0.6107487030558659,-0.7113492
aroG ,0.6110897129099732,-0.7105439
oppB ,0.6118744656822871,-0.7086924
argA ,0.6119077599343516,-0.7086139
ybiU ,0.6126158929359568,-0.7069453
yhgF ,0.6133630653008842,-0.7051868
fbaA ,0.6135635992298994,-0.7047152
rpsD ,0.6144866189711526,-0.7025465
ilvE ,0.6158386846621771,-0.6993756
rplP ,0.6160381918494362,-0.6989083
pyrG ,0.6168525159798665,-0.6970025
aroA ,0.6174176368608429,-0.6956814
ttcA ,0.6178836056797916,-0.694593
yqjI ,0.6183234816504659,-0.6935663
rpmG ,0.6186148623487548,-0.6928866
aceF ,0.6194559929603773,-0.6909263
fryA ,0.6205021868498947,-0.6884918
galP ,0.6222830262093344,-0.6843572
yabP ,0.6234754246516153,-0.6815954
fdhF ,0.6237631368667034,-0.6809298
ygeX ,0.6240511548746633,-0.6802638
rpsH ,0.6253438544487673,-0.6772784
yaaA ,0.6289270534875817,-0.6690354
rlmB ,0.6314915348874633,-0.6631647
guaA ,0.6315642000196711,-0.6629987
yafD ,0.6323368055436244,-0.6612349
lysP ,0.6324787438124736,-0.6609111
entE ,0.6326839486957374,-0.6604431
selA ,0.6335627849118772,-0.6584405
chaA ,0.634496231270098,-0.6563165
waaU ,0.6357274989800922,-0.6535196
ychM ,0.636283360872466,-0.6522587
rplV ,0.6368589551564388,-0.6509542
prfC ,0.6375574263533331,-0.6493728
ispB ,0.6405127525983488,-0.6427008
rplE ,0.6407525854741118,-0.6421607
hisD ,0.6408969903079522,-0.6418356
yfbU ,0.6411360782533055,-0.6412975
yciA ,0.6413255102224819,-0.6408713
rplS ,0.6420419638228084,-0.6392605
fruB ,0.642106763399027,-0.6391149
folX ,0.644812760756983,-0.6330478
potC ,0.645155930975342,-0.6322802
asnA ,0.6452253382884333,-0.632125
pntB ,0.6465951091220481,-0.6290655
entC ,0.6483032003879057,-0.6252594
yagM ,0.6491352022591649,-0.6234091
trmB ,0.6502137184605257,-0.6210141
ygbM ,0.6502292675827397,-0.6209796
zinT ,0.6506408911003846,-0.6200666
glyA ,0.6519636342440275,-0.6171366
glmU ,0.6525168671340664,-0.6159129
cysW ,0.652688760057175,-0.6155329
yfjL ,0.6528877600304244,-0.6150931
rnfC ,0.6541012152862865,-0.6124142
livG ,0.6541150437790618,-0.6123837
proQ ,0.6544049199911004,-0.6117445
gnd ,0.6546633409500048,-0.6111749
yieP ,0.6549732539340212,-0.6104921
aroH ,0.6556398728675135,-0.6090245
folP ,0.6563574860729068,-0.6074463
ybhT ,0.6566883652924441,-0.6067192
borD ,0.6569528791124313,-0.6061382
nudC ,0.6573466601560671,-0.6052737
suhB ,0.6578082467290322,-0.604261
rpsK ,0.6579717735657771,-0.6039024
rpsT ,0.658769195343275,-0.602155
rpsB ,0.6591864991559763,-0.6012414
proP ,0.6599348449377614,-0.5996045
yqjH ,0.6599370406149043,-0.5995997
codB ,0.6606129242779761,-0.5981229
purH ,0.6614579729384928,-0.5962786
alr ,0.6615130396067809,-0.5961585
yrbL ,0.6633518951976849,-0.5921537
thiI ,0.6642568475253682,-0.5901869
narP ,0.6643186398048236,-0.5900527
yegD ,0.6651730393873646,-0.5881984
oxyR ,0.6677575093173695,-0.5826038
valS ,0.6677617675899079,-0.5825946
yliE ,0.6681454475248039,-0.5817659
rpmC ,0.6682426178233318,-0.5815561
ubiB ,0.6684914900846618,-0.5810189
purL ,0.6688633496009898,-0.5802166
nadA ,0.6692313802383479,-0.579423
asd ,0.669245482212592,-0.5793926
smpB ,0.6693181770369496,-0.5792359
parE ,0.670233173370578,-0.577265
tolR ,0.6705580796047995,-0.5765658
rimJ ,0.6727686570562655,-0.5718176
ghrB ,0.6729813360959711,-0.5713616
secY ,0.6730598017843938,-0.5711934
rplJ ,0.673085881288912,-0.5711375
rplD ,0.6732843332249959,-0.5707122
hsdM ,0.6734657581770906,-0.5703235
yhfZ ,0.6742840141820722,-0.5685717
hisP ,0.674874384023435,-0.5673091
hisA ,0.6749406727358683,-0.5671674
zntA ,0.6777462355767898,-0.5611829
mepA ,0.6778814981278407,-0.560895
recF ,0.6787916861723365,-0.5589592
engD ,0.678839208592678,-0.5588582
pheS ,0.6803493755945287,-0.5556523
tdcE ,0.6816294149972398,-0.5529405
ebgR ,0.6817977766717984,-0.5525842
dhaM ,0.6818278810777617,-0.5525205
rpsS ,0.68271719814944,-0.55064
ftsB ,0.6829877936361708,-0.5500683
pheT ,0.6832275237206564,-0.549562
pitA ,0.68338775368372,-0.5492237
yqgF ,0.6835981036532788,-0.5487797
argB ,0.6836364852926886,-0.5486987
miaB ,0.6848340312307584,-0.5461737
djlA ,0.685255876388941,-0.5452853
hisS ,0.6862468847198583,-0.5432004
rplM ,0.6868251149212695,-0.5419853
uvrY ,0.6879831804433887,-0.5395548
pfkA ,0.6881968529911382,-0.5391068
emrA ,0.6884518683312744,-0.5385723
basR ,0.6891378963944478,-0.5371354
ilvD ,0.6894523731459287,-0.5364772
ydcT ,0.6895058513311543,-0.5363653
crl ,0.6896338048051819,-0.5360976
artP ,0.6897181322876034,-0.5359212
rplQ ,0.6897407934707439,-0.5358738
slmA ,0.6905127698431177,-0.53426
mtnN ,0.6908659432531474,-0.5335223
malT ,0.6908918985912114,-0.5334681
trmH ,0.6922202253406716,-0.530697
cutC ,0.692450668690905,-0.5302168
rplF ,0.6944147031310557,-0.5261306
clpP ,0.6945946000458517,-0.5257569
pqiB ,0.6954631119787679,-0.5239541
ibpB ,0.6954669202497271,-0.5239462
guaB ,0.6961748493530141,-0.5224784
gsp ,0.6964667094878432,-0.5218737
queC ,0.6965672261100911,-0.5216655
tyrP ,0.6970202619148423,-0.5207275
folE ,0.6976113897552758,-0.5195045
rpsU ,0.6977236301277168,-0.5192724
cysH ,0.698451091173387,-0.517769
hldE ,0.6987547062813572,-0.517142
purC ,0.6993844864269742,-0.5158423
rpsM ,0.699892862188462,-0.514794
atpB ,0.7000310404988085,-0.5145092
stpA ,0.7023690116326573,-0.5096989
cysN ,0.7027150976827211,-0.5089882
queF ,0.7044628828037119,-0.5054044
arsC ,0.7046512927691891,-0.5050186
queA ,0.7047475683184962,-0.5048215
fabH ,0.7063679547741016,-0.5015082
rplA ,0.7066433200478619,-0.5009459
secG ,0.7069220756673587,-0.5003769
tolQ ,0.7073147735357044,-0.4995757
speB ,0.7075055155406041,-0.4991867
argE ,0.7086391121966392,-0.496877
ydiE ,0.7087217844980898,-0.4967087
rplR ,0.7089264190382862,-0.4962922
ybhJ ,0.7089397849817652,-0.496265
fecA ,0.7111996404894879,-0.4916735
rplY ,0.7121254411822344,-0.4897967
metG ,0.7121731746505682,-0.4897
ydbA ,0.7129535049880034,-0.4881201
bglA ,0.7131945581503337,-0.4876324
fabF ,0.7132341565882513,-0.4875523
gcvT ,0.7138123166250679,-0.4863833
wzzB ,0.7138722366339396,-0.4862622
eptC ,0.7138782239632377,-0.4862501
yjhB ,0.714679791556823,-0.4846311
rpsP ,0.714703520570476,-0.4845832
aroE ,0.7148678123433287,-0.4842516
xapB ,0.7165006905284969,-0.48096
rpmH ,0.7168087234560173,-0.4803399
tolB ,0.7170303545719436,-0.4798939
xerD ,0.7176992906939968,-0.4785486
metF ,0.7178754171204464,-0.4781946
rimP ,0.7182750957771963,-0.4773916
ycaO ,0.7193902441837776,-0.4751535
yciH ,0.7211792036123332,-0.4715703
pyrI ,0.7212430415390485,-0.4714426
pcnB ,0.7212996355614634,-0.4713294
ybiX ,0.7214380396510165,-0.4710526
rimO ,0.7219975266565022,-0.4699342
ypjF ,0.7220110889937855,-0.4699071
malP ,0.7221026289212015,-0.4697242
mpl ,0.7222534023080561,-0.469423
dacA ,0.7223749649934511,-0.4691802
sbcD ,0.7225727232938435,-0.4687853
sohB ,0.7226770577236193,-0.468577
rfbB ,0.722753903177062,-0.4684236
ybjS ,0.7229204965048766,-0.4680911
pdxB ,0.7232840788099023,-0.4673657
lsrB ,0.7252045591363983,-0.4635401
ygcQ ,0.725253521187617,-0.4634427
mukF ,0.7259001905342697,-0.4621569
rhsD ,0.7275720361804654,-0.458838
secE ,0.728271049068896,-0.4574526
truD ,0.7293827574527817,-0.455252
asnS ,0.7300632680543865,-0.4539066
pncB ,0.7308800704559069,-0.4522934
rplU ,0.7318620788885618,-0.4503563
infB ,0.7318663401213141,-0.4503479
cydD ,0.7321530157187321,-0.4497829
holE ,0.7322534040825835,-0.4495851
tonB ,0.7326015710529267,-0.4488993
ftsK ,0.7327726182980978,-0.4485625
yjjK ,0.73298399398903,-0.4481464
glnS ,0.7335797907184621,-0.4469742
znuA ,0.7351360621551511,-0.4439168
cysI ,0.7352549005659177,-0.4436836
yhaJ ,0.7355317380788278,-0.4431405
fhuA ,0.7364882430212824,-0.4412656
dnaE ,0.736788679393684,-0.4406772
murA ,0.7369632583572522,-0.4403354
yeaX ,0.7371803394424522,-0.4399105
hisF ,0.7373038012127686,-0.4396689
rpoB ,0.7379502687869423,-0.4384045
mrdA ,0.7382001316575623,-0.4379161
rdgC ,0.7386481934264983,-0.4370407
rnc ,0.7392351692587358,-0.4358947
gyrB ,0.739270320650303,-0.4358261
cfa ,0.7392840024747036,-0.4357994
argI ,0.7396877558640493,-0.4350117
puuR ,0.7398837918187515,-0.4346294
yfbT ,0.7405660406471877,-0.4332997
rpsA ,0.7410152816241065,-0.4324248
fdhD ,0.7413287665599665,-0.4318146
rlmI ,0.741388169993442,-0.431699
glmS ,0.7417936895615711,-0.4309101
ydiI ,0.7426236160810648,-0.4292969
trpB ,0.7428169289107643,-0.4289214
rplT ,0.7449443705264607,-0.4247954
yqhA ,0.7450846260422845,-0.4245238
aroM ,0.7452559016420468,-0.4241922
rlmM ,0.7453259004388504,-0.4240567
bolA ,0.7457744619985948,-0.4231887
avtA ,0.7457813889124039,-0.4231753
msbA ,0.7463365265065933,-0.4221018
ilvC ,0.7470265894944099,-0.4207685
dppC ,0.7495735234936169,-0.4158581
tatA ,0.7496796780931307,-0.4156538
gyrA ,0.7502287210771109,-0.4145976
rpsO ,0.7504396704040043,-0.414192
kdsA ,0.7508664311526139,-0.4133718
map ,0.7509790673494731,-0.4131554
coaA ,0.7518108284460665,-0.4115584
mlaA ,0.7525743896631946,-0.4100939
murD ,0.7529290351807628,-0.4094142
ubiH ,0.7540295143899355,-0.4073071
purK ,0.7550501103743013,-0.4053557
yqiB ,0.7561971410187607,-0.4031657
rpsJ ,0.757509716962427,-0.4006637
rplK ,0.7576434104923538,-0.4004091
ppx ,0.7580383274611213,-0.3996573
gcd ,0.7588461891887498,-0.3981206
rluB ,0.758999005277738,-0.3978301
panF ,0.760316602685701,-0.3953278
yiaG ,0.7610252886623968,-0.3939837
dbpA ,0.7617611409712349,-0.3925894
rpoC ,0.7627749127012704,-0.3906707
rlmJ ,0.7628665445627285,-0.3904974
mnmG ,0.7630822639272495,-0.3900895
galF ,0.7634086295801307,-0.3894726
idnO ,0.7635517263772154,-0.3892022
trpS ,0.7636234436249767,-0.3890667
mrcA ,0.7640230134308512,-0.388312
rnpA ,0.7645880727344574,-0.3872454
acrA ,0.766275880030967,-0.3840642
edd ,0.7672788538555361,-0.3821771
livF ,0.7674793826698311,-0.3818001
yggS ,0.7677300907810246,-0.3813289
pdhR ,0.7687034774314703,-0.3795009
mdoG ,0.7687126420700481,-0.3794837
ackA ,0.7688616360551362,-0.3792041
chiA ,0.7690063946299086,-0.3789325
rhlB ,0.7690352323432338,-0.3788784
soxR ,0.7691735724540872,-0.3786189
can ,0.7694450472664941,-0.3781098
ubiE ,0.7694751814911394,-0.3780533
mdoB ,0.7694789150170649,-0.3780463
pheA ,0.7696970910571934,-0.3776373
yfjN ,0.7697346513147565,-0.3775669
yjjX ,0.7705062690166895,-0.3761214
ilvH ,0.7705361777550447,-0.3760654
tyrS ,0.7705516132545427,-0.3760365
accC ,0.7710093709146789,-0.3751797
pyrF ,0.7711054661529265,-0.3749999
miaA ,0.7714915176839859,-0.3742778
coaE ,0.7717457831335011,-0.3738024
glf ,0.7719842932978436,-0.3733566
rplX ,0.7720505413637884,-0.3732328
truB ,0.7726933570105985,-0.3720321
yidC ,0.7727869302877667,-0.3718574
corA ,0.772856675726568,-0.3717272
gor ,0.7733208949660058,-0.3708609
insH6 ,0.7736450973425792,-0.3702562
ilvI ,0.7740429898164637,-0.3695144
clpX ,0.7741811575184316,-0.3692569
helD ,0.7753375273228917,-0.3671036
yadL ,0.7755033938064075,-0.366795
rpsE ,0.7757957082900379,-0.3662513
acrR ,0.7766334223783704,-0.3646943
trxB ,0.7771160696411092,-0.363798
dcuA ,0.7773916948222548,-0.3632864
hisB ,0.7784799026103824,-0.3612683
speE ,0.7786624171110886,-0.3609301
rsmA ,0.7787154741475073,-0.3608318
galU ,0.778844434548282,-0.3605929
tldD ,0.7789671529894907,-0.3603656
fnr ,0.7790230926665556,-0.360262
apt ,0.7802551610004496,-0.3579821
hlyE ,0.7803485141299649,-0.3578095
yeeR ,0.7806286405389088,-0.3572917
ftsE ,0.7807538589320421,-0.3570603
fabG ,0.781381281313548,-0.3559014
pflA ,0.7818202729750711,-0.3550911
hycI ,0.7827454921579862,-0.3533848
ybeZ ,0.7827478251601361,-0.3533805
potA ,0.7830249593187835,-0.3528698
talB ,0.7840206182034604,-0.3510365
rep ,0.7841808955357047,-0.3507416
purN ,0.784342836626825,-0.3504437
recG ,0.7843589836442958,-0.350414
ybhA ,0.7845825751679133,-0.3500028
yhbY ,0.7854163304067814,-0.3484705
cysU ,0.7855866944929647,-0.3481576
yajC ,0.7859762913755014,-0.3474423
dhaL ,0.7872449483970734,-0.3451155
hslR ,0.7874836635343897,-0.3446781
uup ,0.7883930698826344,-0.343013
wbbI ,0.7885111167650406,-0.342797
cmoB ,0.788590371115083,-0.342652
ppiC ,0.7889285213798345,-0.3420335
dapB ,0.7896176810665759,-0.3407738
nadR ,0.789636290209014,-0.3407398
proS ,0.7898773182214086,-0.3402995
acrB ,0.789970836968248,-0.3401287
yiaD ,0.7907672897281846,-0.3386749
tusC ,0.7912849373986889,-0.3377308
eno ,0.7915934060826609,-0.3371685
thiB ,0.7921861590290676,-0.3360886
fabI ,0.792449387150317,-0.3356093
ydbK ,0.7924782250880914,-0.3355568
rimK ,0.7928834953449293,-0.3348192
murG ,0.7928934978542809,-0.334801
iadA ,0.7934977294573203,-0.333702
ybbO ,0.7945539573698105,-0.3317829
rsuA ,0.7949313608889923,-0.3310978
clpA ,0.7970034089226452,-0.3273422
tsf ,0.7990966990478633,-0.323558
hemE ,0.7995307355788068,-0.3227746
ptsH ,0.799579395158779,-0.3226868
cueO ,0.8006009873173914,-0.3208447
yheO ,0.8006195223381352,-0.3208113
efp ,0.8015831015420607,-0.319076
galE ,0.8017302974865161,-0.3188111
yneJ ,0.8018681271723003,-0.3185631
solA ,0.8022462244553082,-0.317883
cydC ,0.8022560670380281,-0.3178653
tolA ,0.8024988889749554,-0.3174287
ydgJ ,0.8025783253837345,-0.3172859
cysA ,0.8027820700965832,-0.3169197
hrpA ,0.802809392066421,-0.3168706
pth ,0.8036766658208667,-0.3153129
cirA ,0.8037815682349126,-0.3151246
metH ,0.8038511021805688,-0.3149998
tas ,0.8043292551681412,-0.3141419
infA ,0.8047066722468857,-0.3134651
mlaF ,0.8052414821705048,-0.3125066
purE ,0.8052425984730047,-0.3125046
rlmE ,0.8059781873998443,-0.3111873
rho ,0.8062173299964529,-0.3107593
yajL ,0.8064457550550316,-0.3103506
fklB ,0.8065452047250062,-0.3101727
yecF ,0.8066812341631505,-0.3099294
ybgJ ,0.8069935792348687,-0.3093709
yhdP ,0.807032176365225,-0.3093019
yniC ,0.8075620385897166,-0.308355
ispU ,0.8085804906841284,-0.3065367
rpmD ,0.809021080346949,-0.3057508
rluF ,0.8095739086489878,-0.3047653
zapD ,0.8098353924572234,-0.3042994
coaD ,0.810039295037712,-0.3039362
artJ ,0.810677046325008,-0.3028008
yhjH ,0.8107087391484036,-0.3027444
prlC ,0.8108811046134232,-0.3024377
ybiT ,0.8111617897152987,-0.3019384
zwf ,0.8112117756810886,-0.3018495
rapA ,0.8113284028347514,-0.3016421
lrp ,0.8113292463901823,-0.3016406
mreB ,0.8114744072211303,-0.3013825
rfaY ,0.811697626488079,-0.3009857
bioF ,0.8121461632303603,-0.3001887
tufA ,0.8128022494940198,-0.2990237
mltA ,0.8129052440011716,-0.2988409
nusG ,0.8134843520430654,-0.2978135
yqhG ,0.8135242182319117,-0.2977428
rna ,0.8137243117233133,-0.297388
aas ,0.8139934552767145,-0.2969109
nadE ,0.8141221634102157,-0.2966828
ycjW ,0.8147336497201743,-0.2955996
mfd ,0.8147478810488371,-0.2955744
metC ,0.8154805653816554,-0.2942776
pgk ,0.8156912605455369,-0.2939049
arpB ,0.8158477766460672,-0.2936281
infC ,0.8159357170374288,-0.2934726
pheP ,0.8159507611663295,-0.293446
galR ,0.8163043214759524,-0.292821
prc ,0.8164644639702784,-0.292538
ffh ,0.8166085624733126,-0.2922834
mrdB ,0.8170181878257162,-0.2915599
tktA ,0.8174513061599554,-0.2907953
rplI ,0.817519699338921,-0.2906746
lysU ,0.8177017312675183,-0.2903534
kdsB ,0.8177249132109848,-0.2903125
cysS ,0.8182515867196668,-0.2893836
metA ,0.8186013777336764,-0.288767
lysS ,0.8192402482518069,-0.2876415
alaC ,0.8194272639391587,-0.2873122
trpE ,0.8196848282183044,-0.2868588
yfiF ,0.8201892273245426,-0.2859713
yqhD ,0.8205427473076067,-0.2853496
tehB ,0.8210376012106918,-0.2844798
rsfS ,0.821085634647121,-0.2843954
nfnB ,0.8212990304064509,-0.2840205
lepB ,0.8213151412198031,-0.2839922
mrp ,0.8219159642246152,-0.2829372
fruK ,0.8219420572987735,-0.2828914
folD ,0.8219507171920508,-0.2828762
entB ,0.8219542495431386,-0.28287
phnD ,0.8219830786533943,-0.2828194
leuS ,0.8220151565000645,-0.2827631
metQ ,0.8221072946833061,-0.2826014
yejF ,0.8225124377138874,-0.2818906
yhhX ,0.823018462715896,-0.2810033
yqaB ,0.8234747963790285,-0.2802036
rlmL ,0.8242210988050884,-0.2788967
ispH ,0.8242419517572498,-0.2788602
glnD ,0.8244278234281142,-0.2785349
pdxA ,0.8245543521270438,-0.2783135
elaA ,0.8246520336754708,-0.2781426
yigI ,0.8252121683069623,-0.277163
cysG ,0.8252281270795838,-0.2771351
argS ,0.8260307535293983,-0.2757326
trmA ,0.8269147449077483,-0.2741895
rpmF ,0.826962147725082,-0.2741068
selB ,0.8284799566645542,-0.2714613
lgt ,0.8285592081342297,-0.2713233
ygiF ,0.8298952183532252,-0.2689989
yegU ,0.830783345356758,-0.2674558
kefA ,0.8308489954357362,-0.2673418
ynjB ,0.83209796752744,-0.2651747
gltX ,0.8321982732426872,-0.2650008
hemB ,0.8323127253521909,-0.2648024
yafS ,0.8328676142205447,-0.2638409
lepA ,0.8330657093495994,-0.2634978
fusA ,0.8337797274807764,-0.2622618
yddB ,0.8344996213008034,-0.2610167
mdoH ,0.8345504090932577,-0.2609289
thyA ,0.8350838096827403,-0.2600071
glyQ ,0.8354354107761283,-0.2593998
tsx ,0.8355693047310006,-0.2591686
rlpA ,0.8358555228768465,-0.2586745
ybiS ,0.8359470684917152,-0.2585165
rbfA ,0.836437703597831,-0.25767
otsA ,0.8367263071128743,-0.2571723
glyS ,0.8367744463795123,-0.2570893
yncD ,0.8369379085550772,-0.2568075
rfaZ ,0.8376932769033025,-0.255506
yhcB ,0.8378573831771874,-0.2552234
nuoL ,0.8392404382402117,-0.2528439
yejL ,0.8392608567603361,-0.2528088
bhsA ,0.8393989129507174,-0.2525715
yihI ,0.840140371450557,-0.2512977
alaS ,0.8404395732513547,-0.250784
metN ,0.8408786963450258,-0.2500304
damX ,0.8413362435795,-0.2492456
hslU ,0.842560390352378,-0.247148
hexR ,0.8426361993456148,-0.2470182
yheS ,0.8428110299021799,-0.2467189
pyrB ,0.843065600834224,-0.2462832
dcyD ,0.8437022769010063,-0.2451941
aroC ,0.8437650878172951,-0.2450867
metR ,0.844778076627877,-0.2433557
xanP ,0.844835404460526,-0.2432578
ascG ,0.8448653289092206,-0.2432067
hmp ,0.8452009535352377,-0.2426337
ydcP ,0.8458157322566472,-0.2415847
yedI ,0.8458834497055449,-0.2414692
yceG ,0.8462874045363393,-0.2407804
copA ,0.8472094577882093,-0.2392094
yfaS ,0.8473828290229968,-0.2389142
rnfE ,0.8478929881023087,-0.2380459
lon ,0.8480315825389474,-0.2378101
engB ,0.8481206405360558,-0.2376586
rcsB ,0.8482575082804491,-0.2374258
exbB ,0.8482707964455148,-0.2374032
ydhZ ,0.8487621930965566,-0.2365677
rfbD ,0.8493065020592432,-0.2356428
hslV ,0.8495574995667197,-0.2352165
rsmC ,0.8500279589613188,-0.2344178
atpG ,0.8505799776805817,-0.2334812
queE ,0.8509227089301029,-0.2329
yehH ,0.8510472279181235,-0.2326889
ycfH ,0.8515138494937673,-0.2318981
mobB ,0.8518680577985989,-0.2312981
prmA ,0.8530681467853514,-0.2292671
lolD ,0.8533016246730802,-0.2288723
efeO ,0.8533789324693727,-0.2287416
sgbU ,0.8536375829789018,-0.2283044
yfaY ,0.8539135356428796,-0.2278381
tgt ,0.8545457281093924,-0.2267704
rnr ,0.8547485645878182,-0.226428
ileS ,0.8548655254878317,-0.2262306
lpxH ,0.8550965910305404,-0.2258407
speF ,0.8552382599268971,-0.2256017
metL ,0.8560468142997771,-0.2242384
murF ,0.8563191534683859,-0.2237795
hflX ,0.8573777006415774,-0.2219972
pabA ,0.8576054624088224,-0.221614
fis ,0.857874491777783,-0.2211615
dacB ,0.8580561120057542,-0.2208561
otsB ,0.8583574104144742,-0.2203496
rlmH ,0.8583820424438807,-0.2203082
accD ,0.8589680647153776,-0.2193236
lptB ,0.8589708035196884,-0.219319
rng ,0.859218522800111,-0.218903
wcaL ,0.8594157965370864,-0.2185718
diaA ,0.8599491745180888,-0.2176767
yecJ ,0.8601919290271366,-0.2172695
ribB ,0.8606763311788078,-0.2164573
yibL ,0.8613411130909645,-0.2153434
ytfL ,0.8616186004841015,-0.2148787
yggM ,0.8623645032256293,-0.2136303
yihG ,0.8625593304964964,-0.2133044
yibN ,0.8625748157422065,-0.2132785
btuB ,0.8628743514911658,-0.2127776
dapA ,0.8629929626592081,-0.2125793
yefM ,0.8632741535950845,-0.2121093
grxD ,0.8633102364247027,-0.212049
amiA ,0.8638197456960551,-0.2111978
fre ,0.8640430500031567,-0.2108249
speG ,0.8641508603492948,-0.2106449
yfcN ,0.8642990616314544,-0.2103975
thiL ,0.8643803614872436,-0.2102618
gdhA ,0.8646241870796969,-0.2098549
bioD1 ,0.8647079149943372,-0.2097152
hflK ,0.8652194485969926,-0.208862
nrdA ,0.8655540995534016,-0.2083041
flhC ,0.8655834379177735,-0.2082552
pnp ,0.8661728756581418,-0.2072731
ydjI ,0.8662566334550024,-0.2071336
modF ,0.8674034581270057,-0.2052249
lysC ,0.867911412634523,-0.2043803
rpmE ,0.8688890056744722,-0.2027562
ftsH ,0.8689147228971359,-0.2027135
glmM ,0.8693600466298396,-0.2019743
pdxH ,0.8703285935034224,-0.2003679
cpxA ,0.8706668500322463,-0.1998073
ybjD ,0.8707608804518625,-0.1996515
yqjE ,0.8709600798315295,-0.1993215
menB ,0.8713338524920701,-0.1987025
ftnA ,0.8724124720044468,-0.1969177
bcp ,0.8726283197885466,-0.1965608
nlpA ,0.872942238020401,-0.1960419
xerC ,0.8737164752239017,-0.1947629
ypfJ ,0.8739245890143477,-0.1944193
yhdE ,0.8744474542590479,-0.1935564
yegQ ,0.875135732695161,-0.1924213
mipA ,0.8752145333054618,-0.1922914
ves ,0.8766052959843893,-0.1900007
gsiA ,0.8784528144773951,-0.1869633
syd ,0.8801592598455471,-0.1841635
fabD ,0.8814579179520378,-0.1820364
ybaK ,0.8816550421613967,-0.1817138
yigA ,0.8820887360987806,-0.1810043
tyrB ,0.8820934440247116,-0.1809966
eda ,0.882240564084508,-0.180756
accA ,0.8823193928639288,-0.1806271
mprA ,0.8825259466578851,-0.1802894
napA ,0.8830020546590873,-0.1795113
rsgA ,0.8833558294273626,-0.1789334
panC ,0.8833686877286001,-0.1789124
fabA ,0.8840528354329579,-0.1777955
thrS ,0.8847260452305569,-0.1766973
frmA ,0.885284397275053,-0.1757871
tyrR ,0.885381417870938,-0.175629
der ,0.8859939177589378,-0.1746313
kduD ,0.8860593858158454,-0.1745247
ravA ,0.8862316771274186,-0.1742442
pfkB ,0.8862797158282413,-0.174166
yhhM ,0.8866295799753114,-0.1735966
aroP ,0.8868924068287048,-0.173169
ispG ,0.8870615398455309,-0.1728939
rsmH ,0.8883830055376883,-0.1707463
uvrD ,0.8885104811790038,-0.1705393
curA ,0.8889750906597864,-0.1697851
corC ,0.8892120475117897,-0.1694006
trpA ,0.8893472860431392,-0.1691812
recA ,0.8893538204219212,-0.1691706
rsmG ,0.8897246942659265,-0.1685691
sbcB ,0.8900556207961231,-0.1680326
ygeA ,0.890464745714683,-0.1673696
ydiJ ,0.8906228305885356,-0.1671135
rob ,0.890879122262995,-0.1666984
ispD ,0.8909700861814729,-0.1665511
ybiC ,0.8910819975099201,-0.1663699
def ,0.8912068952891875,-0.1661677
murE ,0.891966541851425,-0.1649385
gcvH ,0.8920490220947599,-0.1648051
glpD ,0.8921449288781363,-0.16465
pmbA ,0.8924519493698254,-0.1641536
yigL ,0.8932646654429385,-0.1628404
kdsD ,0.8934455415237733,-0.1625483
nei ,0.8938777241343746,-0.1618506
nlpD ,0.8941263377376202,-0.1614494
lldD ,0.8941344566455468,-0.1614363
rne ,0.8949507519979887,-0.1601198
ftsI ,0.8951580911638394,-0.1597856
ycjX ,0.8951937072123807,-0.1597282
yecC ,0.8952327375757518,-0.1596653
parC ,0.8958728548409801,-0.1586341
ftsX ,0.8960546317094967,-0.1583414
azoR ,0.8961053147185335,-0.1582598
dcp ,0.8964939797063636,-0.1576342
uvrA ,0.8969025826495629,-0.1569768
htpG ,0.8969508889134495,-0.1568991
panD ,0.8971746112987545,-0.1565393
rpoD ,0.8977650261474152,-0.1555902
rsmE ,0.8979071669035736,-0.1553618
yaiL ,0.8985371137035212,-0.15435
cyaA ,0.8985633970272306,-0.1543078
ybjP ,0.8986027611679398,-0.1542446
rfaG ,0.899069594361214,-0.1534953
rmlA1 ,0.8992126896099765,-0.1532657
yhbW ,0.8997090874771516,-0.1524695
tpiA ,0.899933747341975,-0.1521093
ybgF ,0.9006189880918516,-0.1510112
yeeZ ,0.9006312237006082,-0.1509916
ptrA ,0.9006335335025457,-0.1509879
yaiI ,0.90077438018635,-0.1507623
ptsN ,0.9008478714415664,-0.1506446
polA ,0.9010352794232601,-0.1503445
hemL ,0.9012527740008975,-0.1499963
hda ,0.9012680168297869,-0.1499719
rlmN ,0.9015843012170508,-0.1494657
yceD ,0.9021871232517015,-0.1485014
topA ,0.9031661367954625,-0.1469367
cnu ,0.9037274191857926,-0.1460404
yecS ,0.9038646147272782,-0.1458214
mnmE ,0.9039936852510576,-0.1456154
secA ,0.904003397613681,-0.1455999
mgtA ,0.9040051521161211,-0.1455971
pta ,0.9045320328052301,-0.1447565
yeeX ,0.9046152987618783,-0.1446237
secF ,0.9049523282809266,-0.1440863
ribC ,0.9054540912785172,-0.1432866
nuoI ,0.9055151600779157,-0.1431893
gpsA ,0.9058361998851969,-0.1426779
betB ,0.9059133065615741,-0.1425551
yfaD ,0.9069993990617939,-0.1408265
radA ,0.9071924256101244,-0.1405195
gsiB ,0.9076673702663901,-0.1397644
yejO ,0.9081324920041153,-0.1390253
hldD ,0.9083596329925806,-0.1386645
prs ,0.9091523641792022,-0.137406
ddlB ,0.9094744413547567,-0.136895
hemG ,0.909528972558787,-0.1368085
gcvP ,0.9097912092882915,-0.1363926
lsrR ,0.9099220091143636,-0.1361852
dusA ,0.9107259515104071,-0.1349111
proB ,0.910847478539622,-0.1347186
ispA ,0.9109138991245044,-0.1346134
msbB ,0.9110287575524526,-0.1344315
grcA ,0.9114636332370846,-0.133743
rof ,0.9124928755884775,-0.1321148
dsbG ,0.9126271634915394,-0.1319025
pdxK ,0.9133202968636592,-0.1308072
folC ,0.9135323983933713,-0.1304722
yebG ,0.9135790040152721,-0.1303986
yejK ,0.9135794472866773,-0.1303979
mnmC ,0.9140154138227049,-0.1297096
lptD ,0.914453616725807,-0.1290181
uvrC ,0.9150753188185613,-0.1280376
pldA ,0.915446068233249,-0.1274532
wbbJ ,0.9158641344133285,-0.1267945
fepB ,0.9162552723549713,-0.1261785
nagZ ,0.9167189489524769,-0.1254486
cohE ,0.9168451522801411,-0.12525
hflC ,0.9172678629358773,-0.124585
glnG ,0.917320190902811,-0.1245027
ybbN ,0.9180229336611408,-0.1233979
mdtA ,0.9192888197577552,-0.1214099
ldhA ,0.9199964504142033,-0.1202998
nuoJ ,0.9204909866242661,-0.1195245
yicC ,0.9211687023278757,-0.1184627
hybC ,0.9220029041405663,-0.1171568
emtA ,0.9223947456976165,-0.1165438
dnaB ,0.922436176852633,-0.116479
yggG ,0.9224906539810233,-0.1163938
ubiA ,0.9226402908162169,-0.1161598
yjcH ,0.9228647276131214,-0.1158089
gltP ,0.9229603009155866,-0.1156595
prmB ,0.9234196258063286,-0.1149417
yfgD ,0.9237411867878585,-0.1144394
ptsP ,0.9237554653339732,-0.1144171
yecM ,0.9242788014224065,-0.1136
ycgR ,0.924449168947073,-0.1133341
rpoA ,0.9245038931219608,-0.1132487
chbC ,0.9245348451140717,-0.1132004
arpA ,0.9251950805469049,-0.1121705
mnmA ,0.9256851607201931,-0.1114065
kdgR ,0.9257337980111873,-0.1113307
rcsD ,0.92625363225816,-0.1105208
nuoH ,0.9267355369579829,-0.1097704
ycbB ,0.9268256007843433,-0.1096302
yojI ,0.927084984672571,-0.1092265
mntR ,0.9272128078853438,-0.1090276
fadR ,0.9275696364918722,-0.1084725
ibpA ,0.9276506507566404,-0.1083465
livK ,0.9277310290428535,-0.1082215
fxsA ,0.9284346040182005,-0.1071278
mak ,0.9285434976809436,-0.1069586
cysZ ,0.9289334185303735,-0.1063529
nrdB ,0.9293302668015051,-0.1057367
yddE ,0.9302094491025175,-0.1043725
aspS ,0.9306170988166934,-0.1037404
rlmG ,0.9306827676936777,-0.1036386
allR ,0.9309693652931366,-0.1031944
wzzE ,0.9311318011680534,-0.1029427
oppF ,0.931219323064609,-0.1028071
msrA ,0.9316328396973118,-0.1021666
csrA ,0.9318949254259894,-0.1017608
yadG ,0.9330943746230587,-0.09990509
yagU ,0.9331797329929254,-0.09977312
rpsF ,0.9333209598007136,-0.0995548
nemA ,0.9333333420999262,-0.09953566
mcrB,0.9334748444986097,-0.09931695
yaiW ,0.9340598636792489,-0.09841308
pal ,0.934062408125691,-0.09840915
ydfG ,0.9341368670066178,-0.09829415
gntR ,0.9347725276514922,-0.09731276
hemN ,0.9348568666680211,-0.0971826
murC ,0.9349879843669691,-0.09698027
yjdJ ,0.9354447685021301,-0.09627562
rstB ,0.936148463738003,-0.09519075
rbn ,0.9361567371050814,-0.095178
hscA ,0.9362802623034839,-0.09498765
gshB ,0.9364379258041845,-0.09474473
yajQ ,0.936541707953236,-0.09458485
xdhD ,0.9374523783536829,-0.09318269
apaH ,0.9376368530913535,-0.09289882
ribA ,0.9378116979630946,-0.09262982
ratB ,0.9380432063238684,-0.09227372
seqA ,0.9383584967363774,-0.09178889
cyoB ,0.938797978211815,-0.09111336
cytR ,0.9390925816830186,-0.0906607
hybO ,0.9392002906338034,-0.09049524
fabZ ,0.9398712922204958,-0.08946489
yjgJ ,0.9411131215146131,-0.08755995
ompT ,0.941493826473726,-0.08697646
cyoA ,0.9416570151663879,-0.08672642
yqfB ,0.9426229486102868,-0.08524729
relA ,0.9426997169340056,-0.0851298
ubiG ,0.9428071926347918,-0.08496533
lpxB ,0.9428744210032325,-0.08486246
rplL ,0.9430145984509238,-0.08464799
ptsA ,0.9430819461998954,-0.08454496
mltC ,0.9432696405924841,-0.08425786
serS ,0.9436904771694575,-0.08361435
hflD ,0.9445512942457126,-0.08229895
gmk ,0.9456678793882564,-0.0805945
nuoG ,0.9459351592124214,-0.0801868
yrfG ,0.9462555290348362,-0.07969827
yeiS ,0.9469760736146476,-0.07860012
greB ,0.9471425759728826,-0.07834648
phoU ,0.9472136457607083,-0.07823823
uspC ,0.9472607418704008,-0.0781665
tusB ,0.9477384929456798,-0.07743906
moaB ,0.9479515896356484,-0.07711471
yqgE ,0.9492649630411079,-0.07511726
coaBC ,0.9492857028077561,-0.07508574
epd ,0.9497135549773469,-0.07443565
dcm ,0.949757069027325,-0.07436955
cysB ,0.9500406240563641,-0.07393889
mlaC ,0.9503350535484055,-0.07349185
aroB ,0.9504489007140479,-0.07331903
yiiS ,0.9506836341310994,-0.07296277
nadC ,0.9512724950427923,-0.07206943
yjeE ,0.9515898442925889,-0.07158822
hpt ,0.9518163816793715,-0.07124481
usg ,0.9519098594851402,-0.07110313
araA ,0.9523609753568966,-0.07041959
atpA ,0.9546556213038067,-0.0669477
nuoC ,0.954890963437215,-0.06659209
sseB ,0.9551147580414319,-0.06625401
cspE ,0.9551646966546352,-0.06617858
frlD ,0.9553144487003462,-0.06595241
rlmF ,0.95611553758364,-0.06474313
gcp ,0.9572061159898803,-0.06309848
tsr ,0.9573494858693059,-0.06288241
gph ,0.9574087656719349,-0.06279308
sppA ,0.9575572699597885,-0.06256932
pflB ,0.9576506079570598,-0.0624287
ribE ,0.9581860069049988,-0.06162235
creA ,0.9583349373140835,-0.06139813
psd ,0.9584348416592945,-0.06124774
envC ,0.958604488330063,-0.0609924
cysE ,0.9587486856920093,-0.0607754
tig ,0.9601757199427983,-0.05862964
baeR ,0.9603200138710195,-0.05841285
ygjR ,0.960387698847613,-0.05831117
ubiF ,0.9604715062214235,-0.05818528
nfo ,0.9606309727894266,-0.05794577
mukE ,0.9611190446133605,-0.05721296
lptE ,0.9612357094423882,-0.05703785
yeeN ,0.9616276606321384,-0.0564497
lexA ,0.9620349286103504,-0.05583882
dnaJ ,0.9625613028735038,-0.05504967
malZ ,0.9628988701505589,-0.05454381
yeiP ,0.9630894137506081,-0.05425835
moaD ,0.96350524820312,-0.05363557
glnB ,0.9637908368704224,-0.05320801
trmJ ,0.9638064827026821,-0.05318459
pqqL ,0.9660048918488583,-0.0498976
aroD ,0.9661387106969073,-0.04969776
yicH ,0.9663682427310948,-0.04935505
mukB ,0.9663983590009729,-0.04931009
proC ,0.9664381559830393,-0.04925068
yniB ,0.9672158086443874,-0.04809027
rfbC ,0.9673605704871195,-0.04787436
tmcA ,0.9681832900893208,-0.0466479
ycbZ ,0.9682117113169468,-0.04660555
cmoA ,0.968236354907925,-0.04656883
dnaN ,0.9687654104740894,-0.04578074
srmB ,0.968771722566574,-0.04577134
ybdH ,0.9687910552844358,-0.04574255
pykA ,0.9688862941927614,-0.04560073
ybhC ,0.9688866568464628,-0.04560019
yhfA ,0.9690161530426887,-0.04540738
proA ,0.969494843411361,-0.04469487
rlmA ,0.9695276444139773,-0.04464606
pepA ,0.9695316429730744,-0.04464011
ftsY ,0.9701530110402175,-0.04371579
mutL ,0.9702935852918181,-0.04350676
yciZ ,0.9704977208626209,-0.04320327
nuoF ,0.9705530249210829,-0.04312106
abgR ,0.9705746738099927,-0.04308888
wbbK ,0.9710990634407949,-0.04230962
secD ,0.97136112210545,-0.04192035
ftsZ ,0.971781976257941,-0.04129542
yhhA ,0.971908059890741,-0.04110825
tyrA ,0.972157216959653,-0.04073845
rsmI ,0.9722626462009935,-0.040582
iscS ,0.9723254374585205,-0.04048883
rpoZ ,0.9731691082564654,-0.03923757
yccU ,0.9738073400225176,-0.03829172
atpD ,0.974036526708186,-0.03795222
ydaW ,0.9740734176395089,-0.03789758
sspA ,0.9741093376779207,-0.03784438
atpF ,0.9743834066088594,-0.03743853
cvrA ,0.9755950680682143,-0.03564563
spoT ,0.9759375106571845,-0.03513932
yjdA ,0.9763831817836898,-0.03448065
hemA ,0.97639650761867,-0.03446096
yeaO ,0.9764383136149029,-0.03439919
gpt ,0.976490023685537,-0.03432279
plsB ,0.9766833786333962,-0.03403715
yaiE ,0.9767775112096563,-0.03389811
mtgA ,0.9768020749134786,-0.03386183
moaC ,0.9769216455994507,-0.03368524
rpoN ,0.9777444182276452,-0.0324707
yhjK ,0.9778810359503741,-0.03226913
ldcA ,0.9784631950992153,-0.03141051
ycgL ,0.9784994330116793,-0.03135708
qmcA ,0.9786775764799852,-0.03109445
rdgB ,0.978694305168042,-0.03106979
dsbD ,0.979814855245545,-0.02941893
fpr ,0.9805934431340937,-0.02827298
yifE ,0.9812570368611726,-0.027297
bisC ,0.9813371216433145,-0.02717926
fabB ,0.981724197241635,-0.02661032
rpoE ,0.9817319683466763,-0.0265989
aroF ,0.9827015183130852,-0.02517481
folB ,0.9831555733072836,-0.02450837
ybcJ ,0.9835113453489275,-0.0239864
ltaE ,0.9839335148849505,-0.02336726
yfdX ,0.9841268771073599,-0.02308377
ycjF ,0.9844731947135852,-0.02257617
dtd ,0.984528489908322,-0.02249514
cyaY ,0.9853732074170858,-0.02125785
yfdH ,0.9856662958622113,-0.0208288
yhiH ,0.9860537120850573,-0.02026186
lpxA ,0.986129301074115,-0.02015127
xthA ,0.9865180959343883,-0.01958258
dcrB ,0.9868182555523528,-0.01914369
hiuH ,0.987266917783798,-0.01848791
cheR ,0.987904705842125,-0.01755621
uspD ,0.9881220941906069,-0.01723878
ybaL ,0.9885050284733761,-0.01667979
lptG ,0.9885566923557252,-0.01660439
yafJ ,0.9888165258722091,-0.01622524
ribF ,0.9894224844706218,-0.01534141
lplA ,0.9896333814648262,-0.01503393
yegH ,0.989644521543718,-0.01501769
gnsA ,0.989784606390409,-0.01481349
ybhB ,0.9898410369611488,-0.01473124
lpoA ,0.9899619910323311,-0.01455496
ygiQ ,0.9899701086857768,-0.01454313
yhaK ,0.9902736867146634,-0.01410079
amn ,0.9904217966216696,-0.01388503
feoB ,0.9919101855560666,-0.0117186
kch ,0.9921811544741097,-0.01132454
bglX ,0.9926470548324982,-0.01064725
aspC ,0.9928719627356011,-0.01032041
rlmD ,0.994414281338154,-0.008081079
galM ,0.9946706952217397,-0.007709122
yiaF ,0.9947330692494436,-0.007618656
pepQ ,0.9947627725092912,-0.007575577
mutS ,0.9948345910564692,-0.007471423
dsdA ,0.9948869105542617,-0.007395552
ydbH ,0.9950035789228214,-0.00722638
mlaB ,0.9956409937078685,-0.006302463
eutA ,0.9963721362538311,-0.005243418
cysK ,0.9966897528294222,-0.004783599
frsA ,0.9970174525598002,-0.004309336
ypdB ,0.9971419189692117,-0.004129243
blc ,0.9972383178012592,-0.003989777
yqcC ,0.9974301312641994,-0.003712309
rnfG ,0.9983900469405403,-0.002324543
yjgL ,0.9985221429904403,-0.002133674
rpe ,0.9990092386741839,-0.001430075
sapD ,0.9997600688587902,-0.000346189
birA ,1.0000910316966205,0.000131325
kup ,1.0001168811487722,0.000168614
yhjE ,1.0002793287984886,0.00040293
yedD ,1.0004908887515722,0.000708029
luxS ,1.0010813066970097,0.001559153
tesB ,1.001500276876053,0.00216282
glcD ,1.001705807192529,0.002458863
deoR ,1.0024888710851412,0.003586221
nadB ,1.0029819500283221,0.004295643
focA ,1.0030469901123296,0.004389194
gltL ,1.003134942865615,0.004515692
ppk ,1.0031798240044736,0.004580238
rpmJ ,1.003652705445,0.005260139
sdaA ,1.00394301533009,0.005677383
panB ,1.0046072195488218,0.006631548
yjcO ,1.0046907066032935,0.006751437
bamD ,1.0047243557509729,0.006799755
sbp ,1.004754973011454,0.006843718
yfeX ,1.005908730860521,0.008499411
feoA ,1.0059417312063363,0.00854674
plsC ,1.0063868113460317,0.009184921
pspF ,1.006705359471775,0.0096415
alaA ,1.006734864071539,0.009683782
era ,1.007364077033317,0.01058519
lolB ,1.0074590227733775,0.01072116
ampC ,1.0075753132948528,0.01088768
pncA ,1.007756927105422,0.0111477
bamB ,1.0079871030335774,0.01147718
yhjD ,1.008200105202082,0.01178201
fadE ,1.0086943348018396,0.01248906
cmk ,1.0089608320636927,0.01287017
hslJ ,1.0090047597182585,0.01293298
atpH ,1.0091610362597707,0.01315641
yahA ,1.009859172912188,0.01415412
ygfB ,1.0100134325144778,0.01437448
metI ,1.0101174149309604,0.014523
pgsA ,1.0107931972984643,0.01548786
sodB ,1.011162629108393,0.01601505
adrB ,1.0113141857172707,0.01623127
ruvB ,1.0117145159604157,0.01680225
ghrA ,1.0128416938791964,0.0184087
mhpF ,1.0129787359698295,0.01860389
gcvA ,1.0135317896743803,0.01939134
ahpF ,1.0140309313093259,0.02010166
rseP ,1.0141178733581948,0.02022535
msrC ,1.0149237264052728,0.02137131
glgP ,1.0155709619846987,0.02229105
grxB ,1.0167137544093594,0.02391356
ytfP ,1.0168405013609045,0.0240934
yfbR ,1.0177120816970897,0.02532947
nusA ,1.0178518076169334,0.02552753
nagC ,1.0195205320656917,0.02789083
gmhA ,1.019871295374478,0.0283871
frr ,1.0202071522354095,0.02886212
pcm ,1.0204135417765894,0.02915395
ydgH ,1.0212395671059835,0.03032134
yfeA ,1.021338864763594,0.03046161
higA ,1.0213595367669044,0.03049081
yaiA ,1.0225737238591097,0.03220486
nusB ,1.023330740858933,0.0332725
ybiB ,1.0235245522040533,0.03354571
fmt ,1.0235498799951506,0.03358141
yfgM ,1.0243393285581803,0.03469371
hslO ,1.024559969084854,0.03500443
tolC ,1.0246854213443592,0.03518107
bamA ,1.0249604629722475,0.03556826
pdxJ ,1.0250882450915515,0.03574811
yjiN ,1.0251687663097673,0.03586143
murB ,1.025434036507632,0.03623469
mlc ,1.0265944242770417,0.03786633
dapE ,1.0270499086893834,0.03850629
prfA ,1.0270705183070343,0.03853524
phoE ,1.0272622680839252,0.03880456
glnE ,1.0274659613261412,0.0390906
cobB ,1.0275684285104876,0.03923447
mtlA ,1.0277361856507312,0.03946998
wecA ,1.0281579539127024,0.04006192
lpxD ,1.0283514891216987,0.04033346
rpoS ,1.0288797160880054,0.04107433
iscA ,1.0291673543667739,0.0414776
rimM ,1.029177584063827,0.04149194
rtcB ,1.0293840188199315,0.04178129
ymgD ,1.0294624513359782,0.04189121
mrcB ,1.0311000160493917,0.04418428
ygiC ,1.0311017670758476,0.04418673
rfaC ,1.0318258032045617,0.04519943
ygdH ,1.0319000944451986,0.0453033
tktB ,1.0321550011885479,0.04565964
yhfK ,1.0329882471522165,0.04682384
lpp ,1.0330936138225668,0.04697099
recJ ,1.033410816966429,0.04741389
yeiG ,1.033421124658213,0.04742828
minC ,1.0335116132701123,0.0475546
ygfZ ,1.0336182799462998,0.04770349
aroK ,1.0341048135428559,0.04838242
dsbC ,1.0354551962164553,0.05026513
fhuE ,1.0366129342121975,0.0518773
ycgB ,1.0366453545821757,0.05192242
puuD ,1.0392044329229733,0.05547949
yiiD ,1.039894960858995,0.05643781
mscS ,1.0400990538540027,0.05672093
lacI ,1.0405298768997504,0.05731839
nagD ,1.0411340621863376,0.05815585
betT ,1.0412097020283158,0.05826066
dnaG ,1.0418048005243623,0.05908499
pbpC ,1.0423111902909712,0.05978607
mdtF ,1.0436059900370267,0.06157713
yncE ,1.0438269820448758,0.0618826
yebY ,1.0441099913164602,0.0622737
yfhL ,1.0443364539792972,0.06258658
dxs ,1.0453134667355362,0.06393564
yfgC ,1.0457290605056404,0.06450911
nikR ,1.0458610339585532,0.06469117
pepD ,1.0468714077636354,0.06608424
yfcD ,1.047265865206872,0.06662774
cysM ,1.0472795632064886,0.06664661
surE ,1.047307525974913,0.06668513
gppA ,1.0475090367817315,0.06696269
ygfK ,1.0483176041221076,0.06807587
purR ,1.0484150290580647,0.06820994
hemX ,1.048543002513596,0.06838603
yjhU ,1.0489790463748425,0.06898586
ansB ,1.049916722163835,0.0702749
ycfQ ,1.0499505119922152,0.07032133
obgE ,1.0502411144680497,0.07072058
ppiB ,1.0503026298754352,0.07080508
ycaR ,1.0503082137600102,0.07081275
bioH ,1.0504901685416959,0.07106266
nuoB ,1.050492848116132,0.07106634
lsrF ,1.0508775836034672,0.07159462
acpS ,1.051314969961508,0.07219496
ybhH ,1.0517220074789562,0.07275342
yhbJ ,1.0518977252891801,0.07299444
btuF ,1.051984844147334,0.07311392
deoD ,1.0526995085094002,0.07409368
tatD ,1.0538537142924673,0.07567462
nudJ ,1.0542107728658705,0.07616334
hisJ ,1.054214068432766,0.07616785
pgl ,1.0543342796323094,0.07633235
glsA2 ,1.0548167822989212,0.07699243
glgA ,1.054899550965214,0.07710563
nupG ,1.0549123689904751,0.07712316
nuoN ,1.0553064036356627,0.07766194
dnaX ,1.0556216685397477,0.07809287
ubiD ,1.0557598520346914,0.07828171
yigB ,1.0565288627283154,0.07933218
rsmB ,1.0566753608544563,0.07953221
mug ,1.056682055300003,0.07954135
cysP ,1.056841819033255,0.07975946
yqiC ,1.0572346910263932,0.08029567
yajG ,1.058007526063485,0.08134989
dcd ,1.0589019222260565,0.08256897
zapA ,1.0589584765008888,0.08264602
yifL ,1.059192087566348,0.08296425
rluE ,1.05945432364327,0.08332139
ygdL ,1.0595545902549237,0.08345792
rseA ,1.0604681340103108,0.08470127
gshA ,1.061144097820946,0.08562058
prlF ,1.0620535718112505,0.08685654
tamB ,1.0629723131428066,0.08810402
fkpA ,1.063175319895627,0.08837952
tatB ,1.06342907757477,0.08872382
exuR ,1.063525068744385,0.08885404
menF ,1.0636099067336726,0.08896912
ydjA ,1.0638104986735406,0.08924118
argR ,1.0638570724399852,0.08930434
yciT ,1.063877675861769,0.08933228
yrdA ,1.06402826846131,0.08953648
grpE ,1.0640706329241436,0.08959392
rfaB ,1.0642808871005636,0.08987896
yhjG ,1.0645634354541214,0.09026192
lnt ,1.0648290975304164,0.0906219
dnaA ,1.0657979106437594,0.09193391
crr ,1.0663014466364102,0.09261535
ybcK ,1.066543604547806,0.09294295
nlpI ,1.0670838754187064,0.09367358
hemY ,1.0680872553070806,0.09502951
yfiB ,1.0690931200341922,0.09638752
ubiX ,1.0692143534582006,0.09655111
tamA ,1.0699136462250842,0.09749436
ddlA ,1.06999819283494,0.09760836
rpiA ,1.0702968664199979,0.09801101
yeaK ,1.0705655769639624,0.09837317
sixA ,1.0707816197043336,0.09866428
flgD ,1.0716210978143412,0.09979489
fdx ,1.0717918865341405,0.1000248
yjbD ,1.0719040717431523,0.1001758
pstS ,1.0719378781977216,0.1002213
uhpA ,1.0720707367468245,0.1004001
yrbA ,1.072197145986509,0.1005702
rraA ,1.0724686678242483,0.1009355
yidE ,1.0725356483306427,0.1010256
flhE ,1.0730338587989667,0.1016956
yoaB ,1.073145802082029,0.1018461
ybeD ,1.0738480754980881,0.1027899
lolC ,1.0743473424188468,0.1034605
csrD ,1.074514536273792,0.103685
proX ,1.075263541348577,0.1046903
hupA ,1.0753025966105771,0.1047427
ybdL ,1.0754052352347585,0.1048804
murI ,1.075768835148254,0.1053681
menC ,1.0763269618497213,0.1061164
ppa ,1.076455663686193,0.1062889
ddpA ,1.0766881120777574,0.1066004
ycdY ,1.076733264375909,0.1066609
malF ,1.0769560683106607,0.1069594
erfK ,1.0777305304499243,0.1079965
lasT ,1.0777841682427176,0.1080683
iraP ,1.0785088388040456,0.109038
tap ,1.0795713531907116,0.1104586
ompA ,1.0796260554410362,0.1105317
ispF ,1.0797662285763021,0.110719
folA ,1.0805769402676566,0.1118018
ybfE ,1.0813761178351209,0.1128684
udk ,1.081508946749791,0.1130456
guaD ,1.0822575762149458,0.1140439
flgC ,1.0825829711569517,0.1144776
ycbX ,1.0830143808818782,0.1150524
nagK ,1.083338801905294,0.1154845
maeA ,1.0843771363710837,0.1168666
ybdZ ,1.0846764027385305,0.1172647
mazE ,1.0846927929828736,0.1172865
nudB ,1.0848064789249179,0.1174377
eutB ,1.0848731772152649,0.1175264
osmY ,1.0858322208741826,0.1188012
dkgA ,1.0861629819351442,0.1192406
pgm ,1.0864890239207374,0.1196736
pssA ,1.087618879647525,0.1211731
cbl ,1.087914063701658,0.1215646
nikA ,1.0880371372638296,0.1217278
mmuM ,1.0881558500777506,0.1218852
rstA ,1.088322552572877,0.1221062
trxA ,1.0885927251786134,0.1224643
ruvA ,1.0887950401660724,0.1227324
yoaF ,1.0888783617054953,0.1228428
ftsA ,1.0890361919882208,0.1230519
oxc ,1.089085032678463,0.1231166
pstB ,1.089230359896123,0.1233091
slyB ,1.0893305525996018,0.1234418
gpmA ,1.0902286966034176,0.1246308
nagB ,1.0905120412032225,0.1250057
lpdA ,1.0910012087019072,0.1256527
frwC ,1.0912951170896954,0.1260413
fliT ,1.0913894477546497,0.126166
yciM ,1.091699200148996,0.1265754
pepB ,1.0917327228379357,0.1266197
deoA ,1.0921333342832886,0.127149
fkpB ,1.092314425882076,0.1273882
ribD ,1.0923394116117664,0.1274212
mdtK ,1.0926676105760156,0.1278546
metB ,1.0930488661637898,0.1283579
kdsC ,1.093527650308004,0.1289897
ligA ,1.0939308160382035,0.1295215
ycjV ,1.0941341989495943,0.1297897
fucU ,1.0946300747725162,0.1304434
narL ,1.0949150186291972,0.1308189
gldA ,1.0960713384404586,0.1323417
pepP ,1.0962862896094199,0.1326246
accB ,1.0963228408195422,0.1326727
ydhQ ,1.096433033754478,0.1328177
hisQ ,1.0987699803578959,0.1358894
bamC ,1.099776069628146,0.1372098
yihD ,1.1002025104106854,0.1377691
yciW ,1.1002205842328945,0.1377928
treR ,1.1003006617004716,0.1378978
yceF ,1.1003304825133582,0.1379369
ftsN ,1.1006051618111115,0.138297
ybfF ,1.1008769337019868,0.1386532
ygeR ,1.101618276538407,0.1396244
mrr ,1.103638736734022,0.142268
prfB ,1.1047765481837808,0.1437546
kbl ,1.1051261021548617,0.144211
wecG ,1.1056510236862749,0.1448961
ygdK ,1.1056790735094388,0.1449327
atpE ,1.1057354818655458,0.1450063
iscR ,1.1063758724228878,0.1458416
ybaB ,1.1071758653480128,0.1468844
rhsB ,1.1082690030222044,0.1483081
ygaP ,1.1086676134948468,0.1488269
yaeP ,1.1086893614043527,0.1488552
btuE ,1.1087622161669741,0.14895
groL ,1.111189983704638,0.1521055
tpx ,1.111257919026866,0.1521937
yjbB ,1.111263310897001,0.1522007
wecC ,1.1114497316372778,0.1524427
ycfD ,1.1119680993814773,0.1531154
dhaK ,1.1122883181675962,0.1535308
frmR ,1.1126370097470815,0.153983
mreC ,1.1130418974095355,0.1545079
mdoD ,1.1136354948646525,0.1552771
talA ,1.1138034758673507,0.1554947
yghA ,1.1138945018929445,0.1556126
dut ,1.1142979162229016,0.156135
yejM ,1.114529034027505,0.1564342
insJ ,1.1151143038792344,0.1571916
cheA ,1.1161981032977182,0.1585931
amiB ,1.1165362568507113,0.1590301
yjgB ,1.1169446538029189,0.1595577
surA ,1.1174320460212,0.1601871
yjaG ,1.117491377733505,0.1602637
aes ,1.1185776425401086,0.1616654
truA ,1.1192870699401896,0.1625801
yjiA ,1.1198489899374753,0.1633042
qorB ,1.1201314920844931,0.1636681
rseB ,1.1202171340415032,0.1637784
icd ,1.1202891932713508,0.1638712
moaE ,1.1208153350187562,0.1645486
gstB ,1.1223426527736902,0.1665132
fliL ,1.1223703480871698,0.1665488
ydgA ,1.122633020763094,0.1668864
moeA ,1.1230206063107955,0.1673844
yciU ,1.1231358960180013,0.1675325
dinJ ,1.1231861102924239,0.167597
dusC ,1.1231958420006531,0.1676095
cysQ ,1.123494607538752,0.1679932
bioA ,1.1239913243481983,0.1686309
clpB ,1.1248126308043134,0.1696847
fsaA ,1.1257514219764055,0.1708883
yjiL ,1.1264753154345346,0.1718157
gutQ ,1.1265448099518833,0.1719047
glpR ,1.1265480114880035,0.1719088
rcsF ,1.1266916995490692,0.1720928
metJ ,1.1268746159711047,0.172327
flhA ,1.126884926405783,0.1723402
fimC ,1.1278804836317735,0.1736142
erpA ,1.128287633685194,0.1741349
trmD ,1.128860801463558,0.1748676
yiiQ ,1.130688791896599,0.1772019
crp ,1.1317401105634353,0.1785427
murQ ,1.1326323959507407,0.1796797
ydcY ,1.1330089048327066,0.1801592
gpmB ,1.1342817160845216,0.181779
nfsA ,1.134406653985957,0.1819379
gltJ ,1.1352675189731418,0.1830323
rimN ,1.135950445229387,0.1838999
kdpD ,1.1370997361512523,0.1853588
slyD ,1.1373140618030033,0.1856307
iscX ,1.1380659791273728,0.1865842
oppC ,1.139090284622165,0.1878821
mdaB ,1.139648717371425,0.1885892
ispE ,1.1403778321066482,0.1895119
uxuA ,1.1406772937573173,0.1898907
ycfP ,1.1409841100262588,0.1902787
glgB ,1.141334044529063,0.1907211
qorA ,1.141962044098926,0.1915147
yiiM ,1.1425585519294625,0.1922681
rihA ,1.1430035623936314,0.1928299
fliS ,1.143503990223318,0.1934614
yacG ,1.1435485361420057,0.1935176
frlC ,1.1441304873927771,0.1942516
ygaD ,1.1445122464292863,0.1947329
rihC ,1.1452618575667977,0.1956775
yacC ,1.1463732097956076,0.1970768
dsbA ,1.147715686392971,0.1987653
yejH ,1.1488263141996018,0.2001607
hspQ ,1.149394379840348,0.2008739
lipA ,1.1511384818605939,0.2030614
yeaE ,1.1517349930940513,0.2038088
yceH ,1.1518343086156386,0.2039332
degQ ,1.1529354161726246,0.2053117
ygiB ,1.1536158567130301,0.2061629
yjgR ,1.1539682255470267,0.2066035
ggt ,1.154415919520726,0.2071631
sdhC ,1.1555299874227283,0.2085547
lpxC ,1.1567427045406007,0.210068
oppD ,1.1572511529792788,0.210702
ydfH ,1.1573352208678478,0.2108068
iciA ,1.1595462782217294,0.2135604
yqjG ,1.1600078754199212,0.2141346
yciQ ,1.1611160722379272,0.2155122
matP ,1.1612186918747318,0.2156397
slyX ,1.1617974754155276,0.2163586
yceB ,1.1623291733595182,0.2170187
asmA ,1.1626070805011561,0.2173636
xylF ,1.1638202873272105,0.2188683
dicA ,1.1642367797289774,0.2193845
uvrB ,1.1656113252346163,0.2210868
phnK ,1.1661340989487,0.2217337
fliZ ,1.166302157160263,0.2219416
plsX ,1.1665376734062733,0.2222329
yjgA ,1.1668302551675627,0.2225947
yjeP ,1.1679431076664382,0.22397
fliA ,1.16845923296856,0.2246074
cspC ,1.169265942910459,0.2256031
flgI ,1.1695363480961325,0.2259367
glk ,1.169836412153082,0.2263068
putA ,1.1698746046975077,0.2263539
ydhF ,1.1711844467747312,0.2279683
sapB ,1.1712825978938202,0.2280892
zipA ,1.17193869234804,0.2288971
phoP ,1.1726680630383455,0.2297947
ung ,1.1727300837265313,0.229871
slt ,1.1733733251280873,0.2306621
yohD ,1.1733787743875015,0.2306688
yhjB ,1.174081290043157,0.2315323
yggN ,1.174349145837761,0.2318614
hemC ,1.1746331836654174,0.2322103
tmk ,1.1751119456709933,0.2327982
yraP ,1.1751174030047296,0.2328049
ygiN ,1.1754713692917467,0.2332394
fldA ,1.176488892652056,0.2344877
ihfB ,1.1769201159160307,0.2350164
grxA ,1.178181986026479,0.2365624
fabR ,1.1782356413845785,0.2366281
rcnB ,1.1788085258109662,0.2373294
nfuA ,1.1799354196413556,0.2387079
eutE ,1.1802867466315359,0.2391374
yfjK ,1.180351379283141,0.2392164
yciN ,1.1827945491519083,0.2421995
hscB ,1.183388352053504,0.2429236
pepN ,1.1840486833164028,0.2437284
yidR ,1.184067149660547,0.2437509
yebC ,1.184274813268622,0.2440039
cheW ,1.1847779533891725,0.2446167
tfaE ,1.1849081247810351,0.2447752
acpP ,1.185206217748014,0.2451381
rcsC ,1.1859111291612412,0.2459959
ppiD ,1.1865486877739866,0.2467713
degP ,1.1872271585636136,0.247596
yecD ,1.1880433673142379,0.2485875
lolE ,1.1890083939488523,0.2497589
yfcL ,1.1907057210621388,0.2518169
rodZ ,1.1912200979445315,0.25244
grxC ,1.1918198655793828,0.2531662
ydiK ,1.19216349283386,0.2535821
fimD ,1.1925035822037247,0.2539936
yeeD ,1.1928814720100442,0.2544507
modE ,1.1931734658030697,0.2548038
modC ,1.1932176308140154,0.2548572
relB ,1.19420846481023,0.2560547
yebT ,1.1943276685203577,0.2561987
scpC ,1.1968659680330311,0.2592616
yahF ,1.1995386973477724,0.2624797
aroL ,1.1996459600789215,0.2626087
ompC ,1.2009833914743298,0.2642162
moeB ,1.201930686136131,0.2653537
recE ,1.2019608452726658,0.2653899
potD ,1.2022695617150347,0.2657604
treC ,1.2030435760105,0.2666889
ycdX ,1.2032422241170102,0.2669271
yobA ,1.2034614255765927,0.2671899
uxuR ,1.2039832322726611,0.2678153
phoQ ,1.206214514074539,0.2704865
orn ,1.2077450166577695,0.2723159
atpC ,1.2079884829758079,0.2726067
hfq ,1.2082164212976125,0.2728789
yjcE ,1.2087469086178273,0.2735122
ubiC ,1.2088744345181925,0.2736644
ompF ,1.2093872713526244,0.2742763
flgE ,1.2100293991725282,0.2750421
nanE ,1.2108086609877038,0.2759709
ppiA ,1.2128728371665658,0.2784283
dapF ,1.2153428856896122,0.2813634
fur ,1.2161511111774705,0.2823225
pdxY ,1.2171602295638535,0.2835191
lpoB ,1.2175995240363668,0.2840397
yihW ,1.2189845156457615,0.2856798
murR ,1.219031663968501,0.2857356
ampE ,1.219053633343848,0.2857616
minD ,1.220521153965869,0.2874973
tusA ,1.221562009312017,0.2887271
skp ,1.2227787620769683,0.2901634
wecB ,1.2234611580112444,0.2909683
yieF ,1.2237053327017957,0.2912562
cycA ,1.2253299649500327,0.2931703
nrdD ,1.2256792608713016,0.2935815
nudF ,1.2268010444740458,0.2949013
dnaK ,1.2275081471938714,0.2957326
yhhW ,1.2277381518219712,0.2960029
galK ,1.2281328254467083,0.2964666
yfeY ,1.229855740171892,0.2984891
nuoM ,1.2303494199615306,0.2990681
ynfH ,1.2304164529075372,0.2991467
phnA ,1.2307404116601743,0.2995265
gabT ,1.2315542670776538,0.3004802
chbF ,1.2317846029443336,0.30075
nagE ,1.2320801413497975,0.3010961
ulaR ,1.232151026457556,0.3011791
nrdR ,1.2322530910947567,0.3012986
yhbS ,1.2327479895543623,0.3018779
nagA ,1.2328379691390898,0.3019832
yoaC ,1.2330031624323743,0.3021765
cspA ,1.2332356498728756,0.3024485
asr ,1.2334554420881707,0.3027056
pepE ,1.2336546652910922,0.3029386
cusA ,1.2337047754180102,0.3029972
fimA ,1.2344898716810817,0.303915
yfcE ,1.2349097412321943,0.3044056
deoC ,1.2350678497885796,0.3045903
yidJ ,1.236801179302119,0.3066136
yafV ,1.237246533424678,0.307133
ypfH ,1.2381478497633156,0.3081836
btuR ,1.2384600232487422,0.3085473
zntB ,1.2385937746551035,0.3087031
gspO ,1.238747975842882,0.3088827
yceM ,1.2391147529973616,0.3093098
secB ,1.23956059652495,0.3098288
ygiM ,1.239940678030072,0.3102711
ompR ,1.2418450724432613,0.3124852
yhdH ,1.2422382535429914,0.3129419
yeaG ,1.2423665572059208,0.3130909
sufC ,1.2424023812660665,0.3131325
racR ,1.2431629389343601,0.3140154
nupC ,1.2459883679501642,0.3172906
mtlD ,1.2476201857860914,0.3191788
yjjA ,1.2477287209507388,0.3193043
yibF ,1.2478108853222072,0.3193993
yciO ,1.2492970909650476,0.3211166
ybbL ,1.2493781462107818,0.3212102
ydbC ,1.2501516395725907,0.3221031
add ,1.2528262097864042,0.3251863
minE ,1.2535052164969238,0.325968
polB ,1.2539484152681952,0.326478
ppsR ,1.2545395037713962,0.3271579
gloA ,1.2546483799766734,0.3272831
mhpE ,1.255631215098885,0.3284128
gloB ,1.255846032702633,0.3286596
fliO ,1.256948726074812,0.3299258
ycbL ,1.257114448837289,0.330116
yggX ,1.2583365223850926,0.3315178
yfiH ,1.2586045818073797,0.3318251
ydbD ,1.259902943382647,0.3333126
flgF ,1.2605960087088288,0.334106
glgC ,1.261242770707367,0.334846
fliH ,1.2617023480616154,0.3353716
ytfB ,1.2628850250674653,0.3367233
rnd ,1.2664193463788924,0.3407552
ampD ,1.2664711385228844,0.3408142
ybgK ,1.26657595825769,0.3409336
nnr ,1.267228072106451,0.3416762
cadA ,1.267850026746659,0.3423841
rppH ,1.2689307162244243,0.3436133
ychN ,1.2696997688572527,0.3444874
hybA ,1.270264823563469,0.3451293
gmhB ,1.2727739382746808,0.3479762
iaaA ,1.2731512313143365,0.3484038
fliI ,1.2742929676217725,0.349697
stfR ,1.2744828853770325,0.349912
yoaH ,1.2750856862454958,0.3505942
ymdB ,1.275490629413411,0.3510523
treF ,1.2764927997241677,0.3521854
sufA ,1.2770673394457968,0.3528346
purA ,1.2771255866462599,0.3529004
yffB ,1.27797782199732,0.3538628
nudE ,1.2784846153436469,0.3544348
xylA ,1.2789719288614505,0.3549846
fdhE ,1.2802655659304278,0.3564431
ydcF ,1.2808739429389469,0.3571285
katG ,1.281730545293149,0.358093
selD ,1.2819532046660296,0.3583436
tabA ,1.2826758256244974,0.3591566
mlaD ,1.2828880673257903,0.3593953
evgA ,1.2832513693137897,0.3598038
cheZ ,1.2834734032445496,0.3600534
poxB ,1.2849563928728296,0.3617194
slyA ,1.286920827123386,0.3639233
fadM ,1.2872105896362305,0.3642481
hdhA ,1.2892841861715338,0.3665703
setA ,1.2893484421926216,0.3666422
yebE ,1.2903572076121388,0.3677705
gnsB ,1.2919147736547862,0.3695109
manA ,1.293042952849294,0.3707702
yheV ,1.2932430155828039,0.3709934
yggE ,1.293507124270695,0.371288
fliM ,1.2940003432288096,0.371838
yhcH ,1.2940416027903014,0.371884
fliG ,1.2942413714873893,0.3721067
hsdR ,1.2943698425485073,0.3722499
hemD ,1.2946339121476844,0.3725442
cptB ,1.2947073192457434,0.372626
lolA ,1.294848581288929,0.3727834
fumC ,1.2955650906829042,0.3735815
ybgI ,1.2982561862951532,0.3765751
flhD ,1.2984387853177946,0.376778
envZ ,1.2995224883593286,0.3779816
cdd ,1.2995380716067968,0.3779989
dppD ,1.3002059848427976,0.3787402
dgoR ,1.3002220269089642,0.378758
alsB ,1.3005323626717913,0.3791023
ydiH ,1.3005634634253993,0.3791368
sstT ,1.302685387825146,0.3814887
mppA ,1.3028851362759506,0.3817099
ybaY ,1.3039955985796947,0.382939
maa ,1.3045530383086172,0.3835556
ucpA ,1.305342685057375,0.3844286
ssb ,1.3073080197693148,0.3865991
aidB ,1.3076195936237158,0.3869429
ycbF ,1.3096818567657476,0.3892164
acrE ,1.3098793186473043,0.3894339
fic ,1.3108243700936086,0.3904744
ydcL ,1.3137424744697503,0.3936825
sapA ,1.3141378327403557,0.3941166
nfi ,1.3144011065887422,0.3944056
ygdR ,1.3161175042144908,0.3962883
motB ,1.3161844660321649,0.3963617
dppF ,1.3174802180718972,0.3977813
hyi ,1.3177777747370532,0.3981071
flgL ,1.3180082492286485,0.3983594
artI ,1.3183658704843126,0.3987508
nrdE ,1.3184747111277582,0.3988699
prpD ,1.3196821560890413,0.4001905
cra ,1.3207857864693493,0.4013965
ynhG ,1.3225870676667006,0.4033627
ulaD ,1.3234068021835432,0.4042566
uspA ,1.3240949678133203,0.4050066
yeaY ,1.3249828626910785,0.4059737
katE ,1.3294900684291544,0.410873
oppA ,1.3300345290092614,0.4114637
allD ,1.3316411887339978,0.4132054
sspB ,1.3320861603093852,0.4136874
flgG ,1.3321921630135907,0.4138022
udp ,1.3341149709408797,0.415883
ssnA ,1.3344088850578524,0.4162008
flgK ,1.3366172514550314,0.4185864
puuC ,1.3375760309453946,0.4196209
flgH ,1.3376462170617907,0.4196966
ridA ,1.3386072192096987,0.4207327
fbp ,1.3400235915306804,0.4222584
yahK ,1.3433914946616863,0.4258798
queD ,1.3474152192693862,0.4301945
rcsA ,1.3475726002245423,0.430363
yrfF ,1.3476425635951796,0.4304379
motA ,1.3482340813547045,0.431071
yqjC ,1.3501384911012073,0.4331074
yfeH ,1.3503993362101179,0.4333861
pepT ,1.3505756013131367,0.4335744
ldcC ,1.352774152966471,0.435921
yfhM ,1.355475935072635,0.4387995
znuB ,1.357755869535091,0.4412241
lptA ,1.357884715613192,0.441361
yjeI ,1.3594981611666466,0.4430742
ysgA ,1.3614375438028292,0.4451308
yhiI ,1.3617157680882117,0.4454256
xseA ,1.362959695126359,0.4467429
trxC ,1.365427392609027,0.4493526
yghU ,1.3657576462067698,0.4497015
ihfA ,1.3663032270154676,0.4502777
malK ,1.3665816878611146,0.4505717
zapB ,1.3685288039712238,0.4526258
cheB ,1.369633125665846,0.4537895
ugpQ ,1.3703070503167836,0.4544992
yhjJ ,1.3714088144748366,0.4556587
ybhG ,1.3716973483277108,0.4559622
mltB ,1.3765565708284095,0.4610639
xseB ,1.376793699092177,0.4613124
insQ ,1.37820481226179,0.4627903
nlpE ,1.378406777220585,0.4630017
dacC ,1.3786247300337822,0.4632298
osmE ,1.378633425928794,0.4632389
yraQ ,1.3820833273055426,0.4668446
yqeF ,1.3822401587014195,0.4670083
ybaM ,1.3857484558310083,0.4706654
yajO ,1.3863725550783284,0.471315
yjdC ,1.3877135505378893,0.4727098
yrdD ,1.387808684693472,0.4728087
kdgK ,1.387898534262096,0.4729021
amyA ,1.3879147924607769,0.472919
yciI ,1.3880055147816626,0.4730133
anmK ,1.3881002840895664,0.4731118
hnr ,1.388502428074405,0.4735297
mdh ,1.3902471696316676,0.4753414
rraB ,1.3905536428050382,0.4756594
adhP ,1.3923351257229457,0.4775065
nifU ,1.393033545740501,0.47823
alkB ,1.3933319410727547,0.478539
yggU ,1.3958629496264805,0.4811573
nuoE ,1.396296667735633,0.4816055
ycgM ,1.3964349787925965,0.4817484
rfaI ,1.397282178778962,0.4826234
atoC ,1.3979063369966516,0.4832677
arcA ,1.4004711850458686,0.4859123
gmr ,1.4007089376515678,0.4861572
trpR ,1.400963335882949,0.4864192
dld ,1.4031937237724152,0.4887142
sodA ,1.4034169577656705,0.4889437
hinT ,1.4037512428924124,0.4892873
dppB ,1.4052010892626472,0.4907766
epmA ,1.4075705162217047,0.4932072
yeaZ ,1.4080099215793567,0.4936575
yjcZ ,1.4092200437830662,0.4948969
wrbA ,1.4106771030238854,0.4963878
dkgB ,1.4126528729528394,0.498407
fliD ,1.4147039725071384,0.5005002
zur ,1.414713974642809,0.5005104
ydfZ ,1.4147964459273004,0.5005945
potF ,1.419058042589569,0.5049336
fucI ,1.4193765732210235,0.5052574
ybgS ,1.4256606322623206,0.5116306
glcC ,1.4276978621233984,0.5136907
baeS ,1.4286722624383859,0.514675
glgX ,1.4291754133341557,0.515183
ybbA ,1.4303150907477367,0.516333
ndk ,1.431025916367004,0.5170498
phnB ,1.4338640070397155,0.5199082
ycgV ,1.4371203662365388,0.5231809
spr ,1.4408757160481722,0.5269459
ptsO ,1.442892481453234,0.5289638
artQ ,1.4456619144261809,0.5317302
fliY ,1.447281543051948,0.5333456
nanM ,1.4474393517306336,0.5335029
uspE ,1.447955836450312,0.5340176
yidB ,1.4491003451912643,0.5351575
flxA ,1.4528877049194624,0.5389232
deoB ,1.4558278817240555,0.5418398
arcB ,1.4566044926335724,0.5426092
dps ,1.4604395055829307,0.5464026
yciG ,1.4635051271491932,0.5494278
rnk ,1.464934641693115,0.5508363
nrfB ,1.4662189939641637,0.5521006
kgtP ,1.4677299003418487,0.5535865
hupB ,1.47199380529199,0.5577716
gntT ,1.4735757245386873,0.5593212
ygaU ,1.4746727129134545,0.5603948
groS ,1.476233873920069,0.5619213
yqiH ,1.477774767136026,0.5634264
fliF ,1.4783983994799468,0.5640351
glpX ,1.4786962211503256,0.5643257
cbpA ,1.4792254996620253,0.564842
yeiE ,1.4798475901451,0.5654486
cydA ,1.4801049737484815,0.5656995
ycaC ,1.4818424829059915,0.5673921
mdtL ,1.4830855291161558,0.5686018
cheY ,1.483804169962407,0.5693007
hpf ,1.484184761794917,0.5696707
tar ,1.4848313744391812,0.5702991
cls ,1.4866477993125276,0.5720629
yniA ,1.4870518998368285,0.572455
macA ,1.487564268764174,0.572952
ycaQ ,1.4902837025324633,0.575587
gabD ,1.4904519854437142,0.5757499
livJ ,1.4920866296200384,0.5773313
ylbA ,1.494789463944202,0.5799423
ilvA ,1.4966884065399477,0.5817739
sucA ,1.4978850360762328,0.5829269
ynfD ,1.4983099501937052,0.5833361
hsdS ,1.499735725513321,0.5847083
yccJ ,1.5006561025328715,0.5855934
ygaM ,1.5013531820013255,0.5862634
yjiM ,1.5035984153179582,0.5884193
leuC ,1.5066627274989985,0.5913565
mog ,1.5083983735620037,0.5930175
yhdW ,1.509251149542339,0.5938329
yeeO ,1.5103825479824482,0.594914
uidR ,1.5152339909712587,0.5995406
pptA ,1.5155630794797545,0.5998539
astC ,1.5165091472417425,0.6007542
mioC ,1.523260199039125,0.6071624
flu ,1.5236117299004284,0.6074953
yajD ,1.5244080164223157,0.6082491
hcp ,1.5247647795295702,0.6085867
pspA ,1.5256661471986623,0.6094393
malM ,1.5308880648257246,0.6143688
sdaC ,1.5326885883400603,0.6160646
ilvB ,1.5348224790955116,0.6180718
cueR ,1.536089418126784,0.6192622
ftsP ,1.5409620154377388,0.6238313
torZ ,1.5433752761238675,0.6260889
leuB ,1.543480011748515,0.6261868
yahJ ,1.5478339403706471,0.6302507
pmrD ,1.5535741489310728,0.6355911
gstA ,1.5549344896462343,0.6368538
ahpC ,1.5612903961701317,0.6427389
amiC ,1.5641854837521927,0.6454116
cpxR ,1.5667714015814604,0.6477947
rmuC ,1.5756635387248807,0.6559595
pliG ,1.5764366547330995,0.6566672
leuA ,1.576619146633091,0.6568342
flgN ,1.576751930962018,0.6569557
hcaF ,1.5794767492591442,0.6594467
elbB ,1.581089679757554,0.6609192
ushA ,1.5826284532169002,0.6623226
htrL ,1.5833399042825331,0.662971
flgB ,1.5859519917777585,0.6653491
htpX ,1.5873447541520318,0.6666155
fldB ,1.5893733949596762,0.6684581
yceI ,1.5899527584514679,0.6689839
fadL ,1.5907940817606343,0.6697471
eco ,1.5918832154137945,0.6707345
priC ,1.5945007763198102,0.6731048
ymjA ,1.6032616605944068,0.6810099
yggL ,1.604075002333113,0.6817416
gntP ,1.607842510201191,0.6851261
sucB ,1.6123718490312513,0.6891845
dksA ,1.616309634583055,0.6927036
malE ,1.61748372948299,0.6937512
leuD ,1.6178954697336554,0.6941184
yihF ,1.6180243282845128,0.6942333
psiF ,1.6202444587102784,0.6962115
adk ,1.6205636660409937,0.6964957
yqjD ,1.6217813193777872,0.6975793
mgsA ,1.626778354605709,0.7020177
cpdA ,1.6311645196941396,0.7059023
yfgJ ,1.6340223311282258,0.7084277
rsd ,1.6363828246496037,0.7105103
tesA ,1.6368740304025273,0.7109433
mraZ ,1.6426754848681364,0.7160475
fliN ,1.645428115245859,0.718463
yffS ,1.6472038419055384,0.7200191
osmF ,1.6552125625958538,0.7270165
ypjA ,1.6557000099117372,0.7274413
ynfB ,1.6576722618580544,0.7291588
dedD ,1.667421797225284,0.7376191
rsmF ,1.6678735328208432,0.7380099
fliC ,1.675458903702478,0.7445563
ydiR ,1.6754727237008964,0.7445682
acnA ,1.6805428167552403,0.7489273
yecA ,1.6841529898878733,0.7520232
nanA ,1.6908988969470657,0.7577904
ybjQ ,1.6971389645768276,0.7631047
osmC ,1.6980308851192596,0.7638627
yciK ,1.6997331878213777,0.7653083
uxaC ,1.7057829682168046,0.7704341
puuE ,1.7173158437127654,0.7801554
yccX ,1.7200150637657077,0.7824212
eptB ,1.7207047841421454,0.7829996
insG ,1.724291392705606,0.7860036
lamB ,1.725099648495699,0.7866797
dppA ,1.7280108786726027,0.7891123
ydjF ,1.7282869857615848,0.7893428
elaB ,1.7288396918004818,0.7898041
trkG ,1.7326803183012096,0.7930055
yaeR ,1.7335351624700053,0.7937171
nmpC ,1.7368290962091935,0.7964558
ecnB ,1.7450628532375247,0.803279
greA ,1.7456261270857978,0.8037446
dadA ,1.7561792431471783,0.8124401
pphA ,1.7616603525376695,0.8169358
sucC ,1.7694592041216333,0.8233085
yqcA ,1.7697945598096818,0.8235819
eutL ,1.7759762638339263,0.8286123
yacL ,1.7853307841606236,0.8361914
fbaB ,1.7985165060500536,0.8468074
chaB ,1.8027420752493282,0.850193
aceK ,1.8037296274139558,0.8509831
yehM ,1.8080505329533436,0.8544350000000001
ydhR ,1.8130183160397266,0.8583935
prr ,1.8161270095399547,0.8608651
rfaF ,1.8205196338848688,0.8643503
yeaC ,1.8208321041792062,0.8645979
ratA ,1.831606512739797,0.8731096
lptF ,1.8324761226263189,0.8737944
truC ,1.834201197556857,0.8751519
modA ,1.8371262831502457,0.8774508
flgM ,1.841411549014318,0.8808121
ycaL ,1.8427269341776888,0.8818423
rmf ,1.8518232435637507,0.8889464
ypdA ,1.8543425814430197,0.8909078
flgA ,1.855280468481015,0.8916373
sdhA ,1.8573515409159649,0.8932469
hns ,1.859731955955844,0.8950947
acnB ,1.8634909336355063,0.8980078
citF ,1.8636769439005687,0.8981518
chbB ,1.8673989797680908,0.9010302
fcl ,1.869808601976721,0.9028906
yciE ,1.870052275734545,0.9030786
uspG ,1.8751843052716797,0.9070324
yfcH ,1.8801943543903248,0.9108818
ppsA ,1.8878984967630605,0.9167812
yaeH ,1.890602279960838,0.9188459
tdh ,1.8922215290983169,0.920081
sodC ,1.907266309976522,0.9315063
yeeJ ,1.9108642616076732,0.9342253
frdD ,1.9117798498713219,0.9349164
rimL ,1.9201160384119274,0.9411935
sucD ,1.9210385896201168,0.9418865
yibT ,1.952229820610068,0.9651229
treA ,1.9527786132740184,0.9655284
yhcM ,1.955725510875336,0.9677039
ivy ,1.9660288604899228,0.9752845
yebF ,1.9664041969366535,0.9755599
yjbR ,1.9678878448478223,0.976648
ygbL ,1.9732928805723071,0.9806051
ybcH ,1.9780206671091316,0.9840575
sdhB ,1.9910216379355576,0.9935089
aer ,1.9927184678806258,0.9947379
srlR ,1.9993941425191128,0.9995629
yfeK ,2.0074137463452995,1.005338
yjhG ,2.010186002297974,1.007329
sthA ,2.024188997464312,1.017344
cusC ,2.031544547240329,1.022577
ybjI ,2.0316107318090304,1.022624
yoaE ,2.033360475789891,1.023866
yihX ,2.0395233156687955,1.028232
hchA ,2.0517230454660673,1.036836
hdeB ,2.056250457732995,1.040016
trg ,2.0580142903647562,1.041253
phoA ,2.0587961645787254,1.041801
cydB ,2.06463821296001,1.045889
visC ,2.075990727712916,1.0538
rbsD ,2.080645240558492,1.057031
atoE ,2.10986691456845,1.077152
uxuB ,2.1102676634579,1.077426
yedF ,2.129941785539719,1.090814
fumA ,2.132589072075774,1.092606
cpxP ,2.168460253862203,1.116671
mdtC ,2.1783669511888135,1.123247
yegP ,2.1802385566699662,1.124486
yidQ ,2.186141827637948,1.128387
ompW ,2.1872907405115773,1.129145
gltI ,2.1975225960920395,1.135878
gatY ,2.205590563528742,1.141165
yiaN ,2.2209378168366,1.151169
gatA ,2.2225085975717676,1.152189
eutM ,2.2281247350449327,1.15583
ulaA ,2.2286282723251767,1.156156
rbsA ,2.2312079810181835,1.157825
yjgX ,2.248902320459345,1.169221
gatD ,2.2588398681729127,1.175582
mglA ,2.262103594507976,1.177665
csiE ,2.277244188959702,1.187289
cpdB ,2.29212067381716,1.196683
mtfA ,2.302817370699199,1.2034
ygiS ,2.309446299102838,1.207547
dtpA ,2.31159715591458,1.20889
bfr ,2.319816996664155,1.214011
yegE ,2.330953137197725,1.22092
eutC ,2.332267066274086,1.221733
gltA ,2.349791906705315,1.232533
msyB ,2.3611865026775396,1.239512
fadJ ,2.3627811377794266,1.240486
ydcS ,2.36314966140969,1.240711
sseA ,2.366373825558759,1.242678
yhaM ,2.3701986850190107,1.245008
cspD ,2.374317715812516,1.247513
ydeI ,2.374590926301004,1.247679
ugpB ,2.397192889936132,1.261346
rtn ,2.4157681489118494,1.272482
sra ,2.421770241544126,1.276062
ilvN ,2.4273480719684746,1.279381
glpK ,2.4446585917651937,1.289633
yedE ,2.4627616358890316,1.300277
msrB ,2.4633796677987694,1.300639
yfeR ,2.4707447926745845,1.304946
yihM ,2.4708852290281405,1.305028
mhpC ,2.473635621495595,1.306633
raiA ,2.4783810186275894,1.309398
ynjE ,2.4785545308654857,1.309499
gatZ ,2.482276799782646,1.311664
allB ,2.4922158066075126,1.317429
rtcR ,2.5032857777175725,1.323823
actP ,2.510582266739818,1.328022
aldB ,2.516378603085314,1.331349
ynjH ,2.5287212283978207,1.338408
ykfB ,2.5422290142693256,1.346094
ydcH ,2.554524902929845,1.353055
hdeA ,2.560458187595072,1.356402
rbsK ,2.5832334007924502,1.369178
glcB ,2.5956952278074343,1.376121
ygdI ,2.6106571406757975,1.384413
spy ,2.652206302144784,1.407193
yqiG ,2.674592315105867,1.419319
fucO ,2.6767214233628067,1.420467
dadX ,2.6828157931117165,1.423748
aldA ,2.6855358861532035,1.42521
fliE ,2.6858840039083653,1.425397
glcG ,2.695967304017874,1.430803
gatB ,2.708156289114323,1.437311
ulaE ,2.7127046867211426,1.439732
rbsC ,2.718860252951502,1.443002
gpr ,2.722230066696774,1.444789
aceB ,2.7359692203540544,1.452052
ydeN ,2.759354854556401,1.464331
ybeL ,2.7617390322101416,1.465577
maeB ,2.793649447579328,1.482151
frdA ,2.820449293171852,1.495925
recQ ,2.870259148303776,1.521181
rsmD ,2.875729544237164,1.523928
ygbK ,2.899959998269246,1.536033
glpQ ,2.953482369559011,1.562417
fadA ,2.9741821373885546,1.572493
yehT ,3.013549996253199,1.591464
yebV ,3.027699448471741,1.598222
xdhA ,3.0831947069218826,1.624426
yicJ ,3.086921936758053,1.626169
trkA ,3.0901652716262973,1.627684
pspE ,3.1207504561977815,1.641893
argT ,3.1228061153497637,1.642843
yahO ,3.1832357351594207,1.670494
aceA ,3.232736682979235,1.692756
rffA ,3.2345701462873757,1.693574
ybaV ,3.249930801109808,1.700409
gatC ,3.2669672671526535,1.707952
yhaV ,3.3087562158979478,1.726289
gspF ,3.3087630962702277,1.726292
fdoG ,3.316328682656716,1.729587
rbsB ,3.3290810619005855,1.735124
cstA ,3.4128003056530076,1.770956
fadI ,3.445009592343854,1.784508
dctA ,3.5576140317167133,1.83091
araF ,3.592454787761806,1.84497
agp ,3.644343632059136,1.865659
puuA ,3.6484229848531946,1.867273
fhlA ,3.6774277568949834,1.878697
glcF ,3.752876982106273,1.907997
fadH ,3.8566360351966127,1.947343
acs ,3.8891853713620286,1.959468
aphA ,4.016035438371083,2.005772
pckA ,4.115449459712217,2.04105
mglB ,4.164224936628802,2.058048
yjbJ ,4.192750553479803,2.067897
aspA ,4.267892979513563,2.093524
prpB ,4.351992287862714,2.121676
uhpT ,4.392971074370963,2.135197
ytfJ ,4.490664681755258,2.166929
yedN ,4.492140339957897,2.167403
glpF ,4.726607278830545,2.240805
mhpR ,4.790854503451598,2.260283
tnaA ,4.837135661715681,2.274153
frdC ,4.896982362873619,2.291893
yghJ ,4.956195168342905,2.309233
uspF ,5.222211905040053,2.384661
paaG ,5.2996827516764835,2.405906
psuG ,5.332340841595675,2.414769
nanR ,5.352763827333712,2.420284
fadB ,5.481728971600929,2.454631
putP ,5.726525235326187,2.51766
frdB ,6.301699673450506,2.655741
xylG ,6.9207481250735,2.790928
gcl ,7.157307680514771,2.839417
ytfQ ,7.6328085215901265,2.932214
fadD ,7.800415644994484,2.963551
tauB ,8.80263836873358,3.137936
yliF ,603.471990007092,9.237143
yfiC ,,
insA1 ,,
pnuC ,,
ybhR ,,
prkB ,,
rimI ,,
atoB ,,
ydgI ,,
sapC ,,
holD ,,
cyoC ,,
nuoA ,,
yfgG ,,
phoB ,,
arsB ,,
ydcJ ,,
dusB ,,
manY ,,
hypB ,,
fimE ,,
yfhG ,,
menH ,,
queG ,,
ssuB ,,
ydbJ ,,
ydcX ,,
ppnK ,,
dsbB ,,
mglC ,,
gspJ ,,
ybjJ ,,
nhaB ,,
yfaZ ,,
tynA ,,
yaeJ ,,
fliP ,,
gluQ ,,
hybF ,,
nhaA ,,
potI ,,
ptrB ,,
murP ,,
rusA ,,
sdiA ,,
bamE ,,
stfE ,,
tadA ,,
torT ,,
ybbP ,,
ycgJ ,,
ydjY ,,
yhdY ,,
ymbA ,,
yodD ,,
yphF ,,
ytcA ,,
lpxP ,,
thiM ,,
hsrA ,,
appB ,,
feoC ,,
fhuD ,,
gudD ,,
pflD ,,
lplT ,,
yggP ,,
atoA ,,
yjjL ,,
kdpA ,,
paaE ,,
pinE ,,
nrdF ,,
xylH ,,
yhcF ,,
yqcE ,,
yraH ,,
ynbE ,,
mutT ,,
rpiB ,,
mdfA ,,
yraN ,,
ynjD ,,
fimG ,,
cca ,,
ybgC ,,
ycgG ,,
ydaT ,,
ydfU ,,
yeeE ,,
yehU ,,
yhhK ,,
ydeT ,,
yihV ,,
iclR ,,
cynR ,,
yghB ,,
pgaB ,,
menA ,,
ruvC ,,
frlB ,,
sapF ,,
yieK ,,
yiaY ,,
chaC ,,
clcA ,,
creB ,,
gudX ,,
hycC ,,
hycD ,,
nhaR ,,
wcaM ,,
yegS ,,
yehL ,,
yehR ,,
yffR ,,
ygjP ,,
yigE ,,
yncI ,,
yaiO ,,
ypdF ,,
torR ,,
smtA ,,
rdoA ,,
yhiD ,,
ygfU ,,
ycaI ,,
pgpB ,,
ybcL ,,
glpA ,,
ycjR ,,
allC ,,
ydiM ,,
yebZ ,,
yfcJ ,,
yfdV ,,
yjhH ,,
yohK ,,
scpA ,,
yiaO ,,
agaR ,,
ydeQ ,,
dcuC ,,
dsbE ,,
ypfN ,,
adiA ,,
araH ,,
dtpB ,,
eamA ,,
fsr ,,
ybhI ,,
yccE ,,
ydiU ,,
yfjO ,,
yiiX ,,
yniD ,,
znuC ,,
yjfL ,,
yibH ,,
yhhQ ,,
nudK ,,
cvpA ,,
gudP ,,
lacA ,,
ygdG ,,
yagG ,,
ycjN ,,
ygfA ,,
yhjY ,,
ydhO ,,
mobA ,,
xdhC ,,
malG ,,
chbA ,,
yoaG ,,
thiP ,,
b3808 ,,
yffQ ,,
htrE ,,
ycbJ ,,
xdhB ,,
ynfC ,,
ygaH ,,
ralR ,,
cynT ,,
cho ,,
nrfG ,,
relE ,,
ybhO ,,
yeeL ,,
yihL ,,
bax ,,
dosC ,,
fbpB ,,
fixC ,,
mltF ,,
yedA ,,
yffN ,,
nikB ,,
fdoI ,,
pspD ,,
yqgC ,,
plsY ,,
galS ,,
gfcD ,,
gmm ,,
lhr ,,
psuT ,,
yffL ,,
yhfS ,,
yphE ,,
